<?xml version="1.0" encoding="UTF-8"?>
<ChipTranslate>
	<Msg>
		<src>Current gain</src>
		<tr>電流增益</tr>
	</Msg>
	<Msg>
		<src>Enable</src>
		<tr>啟用</tr>
	</Msg>
	<Msg>
		<src>Enabled</src>
		<tr>啟用</tr>
	</Msg>
	<Msg>
		<src>Close</src>
		<tr>關閉</tr>
	</Msg>
	<Msg>
		<src>Synchronize</src>
		<tr>同步</tr>
	</Msg>
	<Msg>
		<src>Ghost level</src>
		<tr>消隱藏等級</tr>
	</Msg>
	<Msg>
		<src>Ghost time</src>
		<tr>消隱時間</tr>
	</Msg>
	<Msg>
		<src>Remove Dead Pixels</src>
		<tr>去除壞點</tr>
	</Msg>
	<Msg>
		<src>Low grayscale uniformity</src>
		<tr>低灰均勻性</tr>
	</Msg>
	<Msg>
		<src>Regular</src>
		<tr>常規模式</tr>
	</Msg>
	<Msg>
		<src>Close</src>
		<tr>關閉</tr>
	</Msg>
	<Msg>
		<src>Open</src>
		<tr>打開</tr>
	</Msg>
	<Msg>
		<src>Current check up</src>
		<tr>電流校驗</tr>
	</Msg>
	<Msg>
		<src>Low gravscale color cast</src>
		<tr>低灰偏色補償</tr>
	</Msg>
	<Msg>
		<src>First scan dark</src>
		<tr>第一掃偏暗補償</tr>
	</Msg>
	<Msg>
		<src>First scan dark time</src>
		<tr>第一掃偏暗補償時間</tr>
	</Msg>
	<Msg>
		<src>Coupling adjustment</src>
		<tr>耦合調節</tr>
	</Msg>
	<Msg>
		<src>Coupling1</src>
		<tr>耦合優化1</tr>
	</Msg>
	<Msg>
		<src>Coupling2</src>
		<tr>耦合優化2</tr>
	</Msg>
	<Msg>
		<src>Enable slowly</src>
		<tr>慢速開啟</tr>
	</Msg>
	<Msg>
		<src>Knee voltage</src>
		<tr>拐點電壓</tr>
	</Msg>
	<Msg>
		<src>Show mode</src>
		<tr>顯示模式</tr>
	</Msg>
	<Msg>
		<src>Energy saving mode</src>
		<tr>節能模式</tr>
	</Msg>
	<Msg>
		<src>Gradient optimization</src>
		<tr>漸變優化</tr>
	</Msg>
	<Msg>
		<src>Frame Synchronization Mode</src>
		<tr>幀同步模式</tr>
	</Msg>
	<Msg>
		<src>Effect first</src>
		<tr>效果優先</tr>
	</Msg>
	<Msg>
		<src>Performance first</src>
		<tr>性能優先</tr>
	</Msg>
	<Msg>
		<src>Power-saving first</src>
		<tr>節能優先</tr>
	</Msg>
	<Msg>
		<src>Refresh group number</src>
		<tr>刷新分組數</tr>
	</Msg>
	<Msg>
		<src>Number of DCLK</src>
		<tr>每行DCLK個數</tr>
	</Msg>
	<Msg>
		<src>Fine-tuning</src>
		<tr>微調</tr>
	</Msg>
	<Msg>
		<src>Darker compensation of first scan</src>
		<tr>第一掃偏暗補償</tr>
	</Msg>
	<Msg>
		<src>Enhance low-grayscale uniformity</src>
		<tr>低灰均勻性提升</tr>
	</Msg>
	<Msg>
		<src>The ghost to eliminate level</src>
		<tr>下鬼影消除等級</tr>
	</Msg>
	<Msg>
		<src>Eliminate text ghosting</src>
		<tr>消除鬼影文字</tr>
	</Msg>
	<Msg>
		<src>Low-grayscale and color cast compensation </src>
		<tr>低灰偏色補償</tr>
	</Msg>
	<Msg>
		<src>Cross-board coupling optimization</src>
		<tr>跨版耦合優化</tr>
	</Msg>
	<Msg>
		<src>Open circuit detection</src>
		<tr>對應開路檢測</tr>
	</Msg>
	<Msg>
		<src>R</src>
		<tr>紅</tr>
	</Msg>
	<Msg>
		<src>G</src>
		<tr>綠</tr>
	</Msg>
	<Msg>
		<src>B</src>
		<tr>藍</tr>
	</Msg>
	<Msg>
		<src>OK</src>
		<tr>確認</tr>
	</Msg>
	<Msg>
		<src>Defaults</src>
		<tr>默認值</tr>
	</Msg>
	<Msg>
		<src>Enhance</src>
		<tr>增強</tr>
	</Msg>
	<Msg>
		<src>Advanced</src>
		<tr>高級模式</tr>
	</Msg>
	<Msg>
		<src>Cancel</src>
		<tr>取消</tr>
	</Msg>
	<Msg>
		<src>Extended attributes</src>
		<tr>擴展屬性</tr>
	</Msg>
	<Msg>
		<src>Current verification</src>
		<tr>電流驗證</tr>
	</Msg>
	<Msg>
		<src>Warning:please adjust gclk multiplier.</src>
		<tr>警告:請糾正gclk倍率</tr>
	</Msg>
			<Msg>
		<src>Ghost 1 level</src>
		<tr>消隱1等級</tr>
	</Msg>
	<Msg>
		<src>Ghost 1 time</src>
		<tr>消隱1時間</tr>
	</Msg>
	<Msg>
		<src>Ghost 2 level</src>
		<tr>消隱2等級</tr>
	</Msg>
	<Msg>
		<src>Ghost 2 time</src>
		<tr>消隱2時間</tr>
	</Msg>
	<Msg>
		<src>First scan dark level</src>
		<tr>第一掃偏暗等級</tr>
	</Msg>
	<Msg>
		<src>First scan dark time</src>
		<tr>第一掃偏暗補償時間</tr>
	</Msg>
	<Msg>
		<src>Low grayscale compensation 1</src>
		<tr>低灰補償1</tr>
	</Msg>
	<Msg>
		<src>Low grayscale compensation 2</src>
		<tr>低灰補償2</tr>
	</Msg>
	<Msg>
		<src>Low grayscale stripes improve</src>
		<tr>低灰橫條紋改善</tr>
	</Msg>
	<Msg>
		<src>Low grayscale uniformity</src>
		<tr>低灰均勻性</tr>
	</Msg>
	<Msg>
		<src>Coupling enhance model</src>
		<tr>耦合增強模式</tr>
	</Msg>	
	<Msg>
		<src>Coupling Level</src>
		<tr>耦合等級</tr>
	</Msg>	
	<Msg>
		<src>Coupling1</src>
		<tr>耦合優化1</tr>
	</Msg>	
	<Msg>
		<src>Coupling2</src>
		<tr>耦合優化2</tr>
	</Msg>	
	<Msg>
		<src>Coupling3</src>
		<tr>耦合優化3</tr>
	</Msg>	
	<Msg>
		<src>Coupling4</src>
		<tr>耦合優化4</tr>
	</Msg>
	<Msg>
		<src>Eliminate the Cross Level</src>
		<tr>消開十字架等級</tr>
	</Msg>	
	<Msg>
		<src>Current Detection Level</src>
		<tr>電流增益檢測等級</tr>
	</Msg>	
	<Msg>
		<src>Photo Optimization</src>
		<tr>拍照優化</tr>
	</Msg>	
	<Msg>
		<src>Smart Energy Saving</src>
		<tr>智慧節能</tr>
	</Msg>	
	<Msg>
		<src> StandBy Mode</src>
		<tr> 待機模式</tr>
	</Msg>	
	<Msg>
		<src>Remove Dead Pixels</src>
		<tr> 啟用去除壞點</tr>
	</Msg>
	<Msg>
		<src>Dialog</src>
		<tr> 擴展屬性</tr>
	</Msg>
	<Msg>
		<src>Default Param 1</src>
		<tr> 默認參數1</tr>
	</Msg>
	<Msg>
		<src>Default Param 2</src>
		<tr> 默認參數2</tr>
	</Msg>
	<Msg>
		<src>Dynamic energy saving</src>
		<tr>動態節能</tr>
	</Msg>
	<Msg>
		<src>Blanking text ghost level</src>
		<tr>消隱文字鬼影等級</tr>
	</Msg>
	<Msg>
		<src>Span board optimize</src>
		<tr>跨板優化</tr>
	</Msg>
	<Msg>
		<src>Warning:the dclk freqeuncy is too low,please modify its frequency</src>
		<tr>警告:dclk頻率過低，請修改頻率</tr>
	</Msg>
	<Msg>
		<src>Refresh packet number</src>
		<tr>刷新分組數</tr>
	</Msg>
	<Msg>
		<src>Gama_Custom</src>
		<tr>Gama_自定義</tr>
	</Msg>
			<Msg>
		<src>Wrap Ghost Level</src>
		<tr>換行消隱等級</tr>
	</Msg>
		<Msg>
		<src>Coupling Concealment Level</src>
		<tr>耦合消隱等級 </tr>
	</Msg>	
	<Msg>
		<src>Column Hidden Interval</src>
		<tr>列消隱區間</tr>
	</Msg>	
	<Msg>
		<src>Enable Open Circuit Protection</src>
		<tr>保護開路使能</tr>
	</Msg>	
	<Msg>
		<src>Coupling Optimization Mode</src>
		<tr>耦合優化模式</tr>
	</Msg>
	<Msg>
		<src>Enable Bad Point Detection</src>
		<tr>壞點檢測使能</tr>
	</Msg>	
	<Msg>
		<src>Coupling Optimization Strength</src>
		<tr>耦合優化強度</tr>
	</Msg>	
	<Msg>
		<src>Low Gray scale Compensation Duration</src>
		<tr>低灰補償時長</tr>
	</Msg>
	<Msg>
		<Msg>
		<src>Coupling Optimization Duration</src>
		<tr>耦合優化時長</tr>
	</Msg>
	<Msg>
		<src>Even Odd Scanning</src>
		<tr>奇偶掃描</tr>
	</Msg>	
	<Msg>
		<src>Starting Point Settings</src>
		<tr>PWM起點設定</tr>
	</Msg>	
	<Msg>
		<src>Grayscale Compensation Settings</src>
		<tr>起灰補償設定</tr>
	</Msg>	
	<Msg>
		<src>Coupled Blanking Mode</src>
		<tr>耦合消隱模式</tr>
	</Msg>	
	<Msg>
		<src>Wrap Blanking Mode</src>
		<tr>換行消隱模式</tr>
	</Msg>	
	<Msg>
		<src>Gray Level Enhancement</src>
		<tr>灰度增強</tr>
	</Msg>	
	<Msg>
		<src>Low grayscale uniformity</src>
		<tr>低灰均勻性</tr>
	</Msg>	
	<Msg>
		<src>Open circuit protection</src>
		<tr>對應開路檢測</tr>
	</Msg>	
	<Msg>
		<src>Current Gear</src>
		<tr>電流檔位</tr>
	</Msg>
	<Msg>
		<src>Low gray compensation strength</src>
		<tr>低灰補償強度</tr>
	</Msg>	
	<Msg>
		<src>Dynamic Energy Saving</src>
		<tr>動態節能</tr>
	</Msg>
	<Msg>
		<src>Constant Current Inflection Point</src>
		<tr>恒流拐點</tr>
	</Msg>	
		<Msg>
		<src>DLL Division Coefficient N</src>
		<tr>DLL分頻係數N</tr>
	</Msg>	
	<Msg>
	<Msg>
		<src>Open Circut Detection Voltage</src>
		<tr>開路檢測電壓</tr>
	</Msg>	
	<Msg>
		<src>DLL Frequency Coefficient M</src>
		<tr>DLL倍頻係數M</tr>
	</Msg>	
	<Msg>
		<src>Refresh Rate</src>
		<tr>刷新倍率</tr>
	</Msg>
		<Msg>
		<src>GCLK  Frequency</src>
		<tr>GCLK頻率</tr>
	</Msg>
		<Msg>
		<src>Register group</src>
		<tr>寄存器組</tr>
	</Msg>
		<Msg>
		<src>High byte(Hex)</src>
		<tr>高字節(16 進制)</tr>
	</Msg>
		<Msg>
		<src>Low byte(hex)</src>
		<tr>低字節(16 進制)</tr>
	</Msg>
		<Msg>
		<src>Red chip</src>
		<tr>紅色芯片</tr>
	</Msg>
		<Msg>
		<src>Green chip</src>
		<tr>綠色芯片</tr>
	</Msg>
		</Msg>
		<Msg>
		<src>Blue chip</src>
		<tr>藍色芯片</tr>
	</Msg>
</ChipTranslate>
