<?xml version="1.0" encoding="UTF-8"?>
<ChipTranslate>
	<Msg>
		<src>Regular</src>
		<tr>Regular</tr>
	</Msg>
	<Msg>
		<src>Advanced</src>
		<tr>Advanced</tr>
	</Msg>	
	<Msg>
		<src>defaults</src>
		<tr>defaults</tr>
	</Msg>		
	<Msg>
		<src>ok</src>
		<tr>ok</tr>
	</Msg>		
	<Msg>
		<src>cancel</src>
		<tr>cancel</tr>
	</Msg>	
	<Msg>
		<src>low gray uniform rise</src>
		<tr>low gray uniform rise</tr>
	</Msg>	
	<Msg>
		<src>low gray compensation intensity</src>
		<tr>low gray compensation intensity</tr>
	</Msg>	
	<Msg>
		<src>low gray spreading mode</src>
		<tr>low gray spreading mode</tr>
	</Msg>		
	<Msg>
		<src>column blanking enhance mode</src>
		<tr>column blanking enhance mode</tr>
	</Msg>		
	<Msg>
		<src>column blanking intensity adjust</src>
		<tr>column blanking intensity adjust</tr>
	</Msg>	
	<Msg>
		<src>column blanking time</src>
		<tr>column blanking time</tr>
	</Msg>	
	<Msg>
		<src>pre drive enable</src>
		<tr>pre drive enable</tr>
	</Msg>	
	<Msg>
		<src>pre drive time</src>
		<tr>pre drive time</tr>
	</Msg>		
	<Msg>
		<src>pre drive mode</src>
		<tr>pre drive mode<</tr>
	</Msg>	
	<Msg>
		<src>coupling optmization</src>
		<tr>coupling optmization</tr>
	</Msg>	
	<Msg>
		<src>coupling optmization mode</src>
		<tr>coupling optmization mode</tr>
	</Msg>		
	<Msg>
		<src>coupling intensity adjust</src>
		<tr>coupling intensity adjust</tr>
	</Msg>	
	<Msg>
		<src>coupling range adjust</src>
		<tr>coupling range adjust</tr>
	</Msg>
	<Msg>
		<src>open circuit protection enable</src>
		<tr>open circuit protection enable</tr>
	</Msg>	
	<Msg>
		<src>open circuit dynamic detection</src>
		<tr>open circuit dynamic detection</tr>
	</Msg>	
	<Msg>
		<src>open circuit  detection threshold</src>
		<tr>open circuit  detection threshold</tr>
	</Msg>	
	<Msg>
		<src>open circuit detection adjust</src>
		<tr>open circuit detection adjust</tr>
	</Msg>
	<Msg>
		<src>wake up setting</src>
		<tr>wake up setting</tr>
	</Msg>
	<Msg>
		<src>data output</src>
		<tr>data output</tr>
	</Msg>		
	<Msg>
		<src>scan mode</src>
		<tr>scan mode</tr>
	</Msg>
	<Msg>
		<src>open spead</src>
		<tr>open spead</tr>
	</Msg>	
	<Msg>
		<src>currnet gear</src>
		<tr>currnet gear</tr>
	</Msg>		
	<Msg>
		<src>constent current inflection</src>
		<tr>constent current inflection</tr>
	</Msg>
	<Msg>
		<src>delay zero</src>
		<tr>delay zero</tr>
	</Msg>
	<Msg>
		<src>dynamic enegy saving</src>
		<tr>dynamic enegy saving</tr>
	</Msg>
	<Msg>
		<src>open circuit detection reset</src>
		<tr>open circuit detection reset</tr>
	</Msg>
	<Msg>
		<src>FMPWM Multiplier</src>
		<tr>FMPWM Multiplier</tr>
	</Msg>
	<Msg>
		<src>current gain</src>
		<tr>current gain</tr>
	</Msg>
	<Msg>
		<src>属性</src>
		<tr>属性</tr>
	</Msg>	
	<Msg>
		<src>R</src>
		<tr>R</tr>
	</Msg>	
	<Msg>
		<src>G</src>
		<tr>G</tr>
	</Msg>	
	<Msg>
		<src>B</src>
		<tr>B</tr>
	</Msg>
	<Msg>
		<src>Register group</src>
		<tr>Register group</tr>
	</Msg>
	<Msg>
		<src>High byte(Hex)</src>
		<tr>High byte(Hex)</tr>
	</Msg>
	<Msg>
		<src>Low byte(hex)</src>
		<tr>Low byte(hex)</tr>
	</Msg>	
	<Msg>
		<src>Red chip</src>
		<tr>Red chip</tr>
	</Msg>	
	<Msg>
		<src>Green chip</src>
		<tr>Green chip</tr>
	</Msg>	
	<Msg>
		<src>Blue chip</src>
		<tr>Blue chip</tr>
	</Msg>	
	<Msg>
		<src>manual</src>
		<tr>manual</tr>
	</Msg>	
	<Msg>
		<src>automatic</src>
		<tr>automatic</tr>
	</Msg>		
	<Msg>
		<src>descending edge</src>
		<tr>descending edge</tr>
	</Msg>	
	<Msg>
		<src>rising edge</src>
		<tr>rising edge</tr>
	</Msg>	
	<Msg>
		<src>normal</src>
		<tr>normal</tr>
	</Msg>	
	<Msg>
		<src>parity scanning</src>
		<tr>parity scanning</tr>
	</Msg>		
	<Msg>
		<src>slow</src>
		<tr>slow</tr>
	</Msg>	
	<Msg>
		<src>quick</src>
		<tr>quick</tr>
	</Msg>		
	<Msg>
		<src>1st gear</src>
		<tr>1st gear</tr>
	</Msg>	
	<Msg>
		<src>2nd gear</src>
		<tr>2nd gear</tr>
	</Msg>		
	<Msg>
		<src>3th gear</src>
		<tr>3th gear</tr>
	</Msg>	
	<Msg>
		<src>4th gear</src>
		<tr>4th gear</tr>
	</Msg>		
	<Msg>
		<src>Frequency</src>
		<tr>Frequency</tr>
	</Msg>	
	<Msg>
		<src>Mixed Freq</src>
		<tr>Mixed Freq</tr>
	</Msg>
	<Msg>
		<src>Enable</src>
		<tr>Enable</tr>
	</Msg>	
	<Msg>
		<src>Dialog</src>
		<tr>Dialog</tr>
	</Msg>
	<Msg>
		<src>Synchronize</src>
		<tr>Synchronize</tr>
	</Msg>		
</ChipTranslate>
