<?xml version="1.0" encoding="UTF-8"?>
<ChipTranslate>
	<Msg>
		<src>Regular</src>
		<tr>常規模式</tr>
	</Msg>
	<Msg>
		<src>Advanced</src>
		<tr>高級模式</tr>
	</Msg>	
	<Msg>
		<src>defaults</src>
		<tr>默認參數</tr>
	</Msg>		
	<Msg>
		<src>ok</src>
		<tr>確定</tr>
	</Msg>		
	<Msg>
		<src>cancel</src>
		<tr>取消</tr>
	</Msg>
	<Msg>
		<src>low gray uniform rise</src>
		<tr>低灰均勻性</tr>
	</Msg>	
	<Msg>
		<src>low gray compensation intensity</src>
		<tr>低灰補償強度</tr>
	</Msg>	
	<Msg>
		<src>low gray spreading mode</src>
		<tr>低灰打散模式</tr>
	</Msg>		
	<Msg>
		<src>column blanking enhance mode</src>
		<tr>列消隱增強模式</tr>
	</Msg>		
	<Msg>
		<src>column blanking intensity adjust</src>
		<tr>列消隱強度調整</tr>
	</Msg>	
	<Msg>
		<src>column blanking time</src>
		<tr>列消隱時長</tr>
	</Msg>	
	<Msg>
		<src>pre drive enable</src>
		<tr>有驅動使能</tr>
	</Msg>	
	<Msg>
		<src>pre drive time</src>
		<tr>預驅動時長</tr>
	</Msg>		
	<Msg>
		<src>pre drive mode</src>
		<tr>預驅動模式</tr>
	</Msg>	
	<Msg>
		<src>coupling optmization</src>
		<tr>耦合優化</tr>
	</Msg>	
	<Msg>
		<src>coupling optmization mode</src>
		<tr>耦合優化模式</tr>
	</Msg>		
	<Msg>
		<src>coupling intensity adjust</src>
		<tr>耦合強度調整</tr>
	</Msg>	
	<Msg>
		<src>coupling range adjust</src>
		<tr>耦合范圍調整</tr>
	</Msg>
	<Msg>
		<src>open circuit protection enable</src>
		<tr>開路保護使能</tr>
	</Msg>	
	<Msg>
		<src>open circuit dynamic detection</src>
		<tr>開路動態檢測</tr>
	</Msg>	
	<Msg>
		<src>open circuit  detection threshold</src>
		<tr>開路檢測閾值</tr>
	</Msg>	
	<Msg>
		<src>open circuit detection adjust</src>
		<tr>開路檢測點調整</tr>
	</Msg>
	<Msg>
		<src>wake up setting</src>
		<tr>喚醒設置</tr>
	</Msg>
	<Msg>
		<src>data output</src>
		<tr>數據輸出</tr>
	</Msg>		
	<Msg>
		<src>scan mode</src>
		<tr>掃描模式</tr>
	</Msg>
	<Msg>
		<src>open spead</src>
		<tr>打開速度</tr>
	</Msg>	
	<Msg>
		<src>currnet gear</src>
		<tr>電流檔位</tr>
	</Msg>		
	<Msg>
		<src>constent current inflection</src>
		<tr>恆流拐點</tr>
	</Msg>
	<Msg>
		<src>delay zero</src>
		<tr>Delay0</tr>
	</Msg>
	<Msg>
		<src>dynamic enegy saving</src>
		<tr>動態節能</tr>
	</Msg>
	<Msg>
		<src>open circuit detection reset</src>
		<tr>開路檢測清零</tr>
	</Msg>
	<Msg>
		<src>FMPWM Multiplier</src>
		<tr>FMPWM倍頻</tr>
	</Msg>
	<Msg>
		<src>current gain</src>
		<tr>電流增益</tr>
	</Msg>
	<Msg>
		<src>property</src>
		<tr>屬性</tr>
	</Msg>	
	<Msg>
		<src>R</src>
		<tr>紅</tr>
	</Msg>	
	<Msg>
		<src>G</src>
		<tr>綠</tr>
	</Msg>	
	<Msg>
		<src>B</src>
		<tr>藍</tr>
	</Msg>
	<Msg>
		<src>Register group</src>
		<tr>寄存器組</tr>
	</Msg>
	<Msg>
		<src>High byte(Hex)</src>
		<tr>高字節(16進制)</tr>
	</Msg>
	<Msg>
		<src>Low byte(hex)</src>
		<tr>低字節(16進制)</tr>
	</Msg>	
	<Msg>
		<src>Red chip</src>
		<tr>紅色芯片</tr>
	</Msg>	
	<Msg>
		<src>Green chip</src>
		<tr>綠色芯片</tr>
	</Msg>	
	<Msg>
		<src>Blue chip</src>
		<tr>藍色芯片</tr>
	</Msg>	
	<Msg>
		<src>manual</src>
		<tr>手動模式</tr>
	</Msg>	
	<Msg>
		<src>automatic</src>
		<tr>自動模式</tr>
	</Msg>		
	<Msg>
		<src>descending edge</src>
		<tr>下降沿</tr>
	</Msg>	
	<Msg>
		<src>rising edge</src>
		<tr>上升沿</tr>
	</Msg>	
	<Msg>
		<src>normal</src>
		<tr>正常掃</tr>
	</Msg>	
	<Msg>
		<src>parity scanning</src>
		<tr>奇偶掃</tr>
	</Msg>		
	<Msg>
		<src>slow</src>
		<tr>慢</tr>
	</Msg>	
	<Msg>
		<src>quick</src>
		<tr>快</tr>
	</Msg>		
	<Msg>
		<src>1st gear</src>
		<tr>第一檔</tr>
	</Msg>	
	<Msg>
		<src>2nd gear</src>
		<tr>第二檔</tr>
	</Msg>		
	<Msg>
		<src>3th gear</src>
		<tr>第三檔</tr>
	</Msg>	
	<Msg>
		<src>4th gear</src>
		<tr>第四檔</tr>
	</Msg>		
	<Msg>
		<src>Frequency</src>
		<tr>倍頻</tr>
	</Msg>	
	<Msg>
		<src>Mixed Freq</src>
		<tr>混頻</tr>
	</Msg>		
	<Msg>
		<src>Enable</src>
		<tr>啟用</tr>
	</Msg>			
	<Msg>
		<src>Dialog</src>
		<tr>擴展屬性</tr>
	</Msg>
	<Msg>
		<src>Synchronize</src>
		<tr>同步</tr>
	</Msg>		
</ChipTranslate>
