<?xml version='1.0' encoding='UTF-8'?>
<ChipTranslate>
    <Msg>
        <src>Regular</src>
        <tr>Rendszeres</tr>
    </Msg>
    <Msg>
        <src>Advanced</src>
        <tr>Haladó</tr>
    </Msg>
    <Msg>
        <src>defaults</src>
        <tr>alapértelmezések</tr>
    </Msg>
    <Msg>
        <src>ok</src>
        <tr>ok</tr>
    </Msg>
    <Msg>
        <src>cancel</src>
        <tr>mégse</tr>
    </Msg>
    <Msg>
        <src>cancel</src>
        <tr>mégse</tr>
    </Msg>
    <Msg>
        <src>low gray uniform rise</src>
        <tr>alacsony szürke egyenletesség növelése</tr>
    </Msg>
    <Msg>
        <src>low gray compensation intensity</src>
        <tr>alacsony szürke kompenzáció intenzitása</tr>
    </Msg>
    <Msg>
        <src>low gray spreading mode</src>
        <tr>alacsony szürke terjedési mód</tr>
    </Msg>
    <Msg>
        <src>column blanking enhance mode</src>
        <tr>oszlop üres erősítés mód</tr>
    </Msg>
    <Msg>
        <src>column blanking intensity adjust</src>
        <tr>oszlop üres erősség beállítás</tr>
    </Msg>
    <Msg>
        <src>column blanking time</src>
        <tr>oszlop üres idő</tr>
    </Msg>
    <Msg>
        <src>pre drive enable</src>
        <tr>előhajtás engedélyezve</tr>
    </Msg>
    <Msg>
        <src>pre drive time</src>
        <tr>előhajtás idő</tr>
    </Msg>
    <Msg>
        <src>pre drive mode</src>
        <tr>előhajtás mód</tr>
    </Msg>
    <Msg>
        <src>coupling optmization</src>
        <tr>kapcsolat optimalizálás</tr>
    </Msg>
    <Msg>
        <src>coupling optmization mode</src>
        <tr>kapcsolat optimalizálási mód</tr>
    </Msg>
    <Msg>
        <src>coupling intensity adjust</src>
        <tr>kapcsolat erősség beállítás</tr>
    </Msg>
    <Msg>
        <src>coupling range adjust</src>
        <tr>kapcsolat tartomány beállítás</tr>
    </Msg>
    <Msg>
        <src>open circuit protection enable</src>
        <tr>nyitott áramkör védelem engedélyezve</tr>
    </Msg>
    <Msg>
        <src>open circuit dynamic detection</src>
        <tr>nyitott áramkör dinamikus érzékelés</tr>
    </Msg>
    <Msg>
        <src>open circuit  detection threshold</src>
        <tr>nyitott áramkör érzékelési küszöb</tr>
    </Msg>
    <Msg>
        <src>open circuit detection adjust</src>
        <tr>nyitott áramkör érzékelés beállítása</tr>
    </Msg>
    <Msg>
        <src>wake up setting</src>
        <tr>ébresztési beállítás</tr>
    </Msg>
    <Msg>
        <src>data output</src>
        <tr>adatkimenet</tr>
    </Msg>
    <Msg>
        <src>scan mode</src>
        <tr>szkennelési mód</tr>
    </Msg>
    <Msg>
        <src>open spead</src>
        <tr>nyitott sebesség</tr>
    </Msg>
    <Msg>
        <src>currnet gear</src>
        <tr>jelenlegi fokozat</tr>
    </Msg>
    <Msg>
        <src>constent current inflection</src>
        <tr>állandó áram töréspont</tr>
    </Msg>
    <Msg>
        <src>delay zero</src>
        <tr>késleltetés nulla</tr>
    </Msg>
    <Msg>
        <src>dynamic enegy saving</src>
        <tr>dinamikus energiatakarékosság</tr>
    </Msg>
    <Msg>
        <src>open circuit detection reset</src>
        <tr>nyitott áramkör érzékelés visszaállítása</tr>
    </Msg>
    <Msg>
        <src>FMPWM Multiplier</src>
        <tr>FMPWM szorzó</tr>
    </Msg>
    <Msg>
        <src>current gain</src>
        <tr>jelenlegi nyereség</tr>
    </Msg>
    <Msg>
        <src>property</src>
        <tr>tulajdonság</tr>
    </Msg>
    <Msg>
        <src>R</src>
        <tr>R</tr>
    </Msg>
    <Msg>
        <src>G</src>
        <tr>G</tr>
    </Msg>
    <Msg>
        <src>B</src>
        <tr>B</tr>
    </Msg>
    <Msg>
        <src>Register group</src>
        <tr>Regiszter csoport</tr>
    </Msg>
    <Msg>
        <src>High byte(Hex)</src>
        <tr>Magas bájt (Hex)</tr>
    </Msg>
    <Msg>
        <src>Low byte(hex)</src>
        <tr>Alacsony bájt (hex)</tr>
    </Msg>
    <Msg>
        <src>Red chip</src>
        <tr>Piros chip</tr>
    </Msg>
    <Msg>
        <src>Green chip</src>
        <tr>Zöld chip</tr>
    </Msg>
    <Msg>
        <src>Blue chip</src>
        <tr>Kék chip</tr>
    </Msg>
    <Msg>
        <src>manual</src>
        <tr>kézi</tr>
    </Msg>
    <Msg>
        <src>automatic</src>
        <tr>automatikus</tr>
    </Msg>
    <Msg>
        <src>descending edge</src>
        <tr>leszálló él</tr>
    </Msg>
    <Msg>
        <src>rising edge</src>
        <tr>emelkedő él</tr>
    </Msg>
    <Msg>
        <src>normal</src>
        <tr>normál</tr>
    </Msg>
    <Msg>
        <src>parity scanning</src>
        <tr>párhuzamos szkennelés</tr>
    </Msg>
    <Msg>
        <src>slow</src>
        <tr>lassú</tr>
    </Msg>
    <Msg>
        <src>quick</src>
        <tr>gyors</tr>
    </Msg>
    <Msg>
        <src>1st gear</src>
        <tr>fokozat</tr>
    </Msg>
    <Msg>
        <src>2nd gear</src>
        <tr>fokozat</tr>
    </Msg>
    <Msg>
        <src>3th gear</src>
        <tr>fokozat</tr>
    </Msg>
    <Msg>
        <src>4th gear</src>
        <tr>fokozat</tr>
    </Msg>
    <Msg>
        <src>Frequency</src>
        <tr>Frekvencia</tr>
    </Msg>
    <Msg>
        <src>Mixed Freq</src>
        <tr>Vegyes frekvencia</tr>
    </Msg>
    <Msg>
        <src>Enable</src>
        <tr>Engedélyezés</tr>
    </Msg>
    <Msg>
        <src>Dialog</src>
        <tr>Párbeszédablak</tr>
    </Msg>
    <Msg>
        <src>Synchronize</src>
        <tr>Szinkronizálás</tr>
    </Msg>
</ChipTranslate>
