<?xml version="1.0" encoding="UTF-8"?>
<ChipTranslate>
	<Msg>
		<src>Regular</src>
		<tr>常规模式</tr>
	</Msg>
	<Msg>
		<src>Advanced</src>
		<tr>高级模式</tr>
	</Msg>	
	<Msg>
		<src>defaults</src>
		<tr>默认参数</tr>
	</Msg>		
	<Msg>
		<src>ok</src>
		<tr>确定</tr>
	</Msg>		
	<Msg>
		<src>cancel</src>
		<tr>取消</tr>
	</Msg>
	<Msg>
		<src>cancel</src>
		<tr>取消</tr>
	</Msg>	
	<Msg>
		<src>low gray uniform rise</src>
		<tr>低灰均匀性</tr>
	</Msg>	
	<Msg>
		<src>low gray compensation intensity</src>
		<tr>低灰补偿强度</tr>
	</Msg>	
	<Msg>
		<src>low gray spreading mode</src>
		<tr>低灰打散模式</tr>
	</Msg>		
	<Msg>
		<src>column blanking enhance mode</src>
		<tr>列消隐增强模式</tr>
	</Msg>		
	<Msg>
		<src>column blanking intensity adjust</src>
		<tr>列消隐强度调整</tr>
	</Msg>	
	<Msg>
		<src>column blanking time</src>
		<tr>列消隐时长</tr>
	</Msg>	
	<Msg>
		<src>pre drive enable</src>
		<tr>预驱动使能</tr>
	</Msg>	
	<Msg>
		<src>pre drive time</src>
		<tr>预驱动时长</tr>
	</Msg>		
	<Msg>
		<src>pre drive mode</src>
		<tr>预驱动模式</tr>
	</Msg>	
	<Msg>
		<src>coupling optmization</src>
		<tr>耦合优化</tr>
	</Msg>	
	<Msg>
		<src>coupling optmization mode</src>
		<tr>耦合优化模式</tr>
	</Msg>		
	<Msg>
		<src>coupling intensity adjust</src>
		<tr>耦合强度调整</tr>
	</Msg>	
	<Msg>
		<src>coupling range adjust</src>
		<tr>耦合范围调整</tr>
	</Msg>
	<Msg>
		<src>open circuit protection enable</src>
		<tr>开路保护使能</tr>
	</Msg>	
	<Msg>
		<src>open circuit dynamic detection</src>
		<tr>开路动态检测</tr>
	</Msg>	
	<Msg>
		<src>open circuit  detection threshold</src>
		<tr>开路检测阈值</tr>
	</Msg>	
	<Msg>
		<src>open circuit detection adjust</src>
		<tr>开路检测点调整</tr>
	</Msg>
	<Msg>
		<src>wake up setting</src>
		<tr>唤醒设置</tr>
	</Msg>
	<Msg>
		<src>data output</src>
		<tr>数据输出</tr>
	</Msg>		
	<Msg>
		<src>scan mode</src>
		<tr>扫描模式</tr>
	</Msg>
	<Msg>
		<src>open spead</src>
		<tr>打开速度</tr>
	</Msg>	
	<Msg>
		<src>currnet gear</src>
		<tr>电流档位</tr>
	</Msg>		
	<Msg>
		<src>constent current inflection</src>
		<tr>恒流拐点</tr>
	</Msg>
	<Msg>
		<src>delay zero</src>
		<tr>Delay0</tr>
	</Msg>
	<Msg>
		<src>dynamic enegy saving</src>
		<tr>动态节能</tr>
	</Msg>
	<Msg>
		<src>open circuit detection reset</src>
		<tr>开路检测清零</tr>
	</Msg>
	<Msg>
		<src>FMPWM Multiplier</src>
		<tr>FMPWM倍频</tr>
	</Msg>
	<Msg>
		<src>current gain</src>
		<tr>电流增益</tr>
	</Msg>
	<Msg>
		<src>property</src>
		<tr>属性</tr>
	</Msg>	
	<Msg>
		<src>R</src>
		<tr>红</tr>
	</Msg>	
	<Msg>
		<src>G</src>
		<tr>绿</tr>
	</Msg>	
	<Msg>
		<src>B</src>
		<tr>蓝</tr>
	</Msg>
	<Msg>
		<src>Register group</src>
		<tr>寄存器组</tr>
	</Msg>
	<Msg>
		<src>High byte(Hex)</src>
		<tr>高字节(16进制)</tr>
	</Msg>
	<Msg>
		<src>Low byte(hex)</src>
		<tr>低字节(16进制)</tr>
	</Msg>	
	<Msg>
		<src>Red chip</src>
		<tr>红色芯片</tr>
	</Msg>	
	<Msg>
		<src>Green chip</src>
		<tr>绿色芯片</tr>
	</Msg>	
	<Msg>
		<src>Blue chip</src>
		<tr>蓝色芯片</tr>
	</Msg>	
	<Msg>
		<src>manual</src>
		<tr>手动模式</tr>
	</Msg>	
	<Msg>
		<src>automatic</src>
		<tr>自动模式</tr>
	</Msg>		
	<Msg>
		<src>descending edge</src>
		<tr>下降沿</tr>
	</Msg>	
	<Msg>
		<src>rising edge</src>
		<tr>上升沿</tr>
	</Msg>	
	<Msg>
		<src>normal</src>
		<tr>正常扫</tr>
	</Msg>	
	<Msg>
		<src>parity scanning</src>
		<tr>奇偶扫</tr>
	</Msg>		
	<Msg>
		<src>slow</src>
		<tr>慢</tr>
	</Msg>	
	<Msg>
		<src>quick</src>
		<tr>快</tr>
	</Msg>		
	<Msg>
		<src>1st gear</src>
		<tr>第一档</tr>
	</Msg>	
	<Msg>
		<src>2nd gear</src>
		<tr>第二档</tr>
	</Msg>		
	<Msg>
		<src>3th gear</src>
		<tr>第三档</tr>
	</Msg>	
	<Msg>
		<src>4th gear</src>
		<tr>第四档</tr>
	</Msg>		
	<Msg>
		<src>Frequency</src>
		<tr>倍频</tr>
	</Msg>	
	<Msg>
		<src>Mixed Freq</src>
		<tr>混频</tr>
	</Msg>		
	<Msg>
		<src>Enable</src>
		<tr>启用</tr>
	</Msg>		
	<Msg>
		<src>Dialog</src>
		<tr>扩展属性</tr>
	</Msg>
	<Msg>
		<src>Synchronize</src>
		<tr>同步</tr>
	</Msg>		
</ChipTranslate>
