<?xml version="1.0" encoding="UTF-8"?>
<ChipTranslate>
	<Msg>
		<src>Current gain</src>
		<tr>Current gain</tr>
	</Msg>
	<Msg>
		<src>Enable</src>
		<tr>Enable</tr>
	</Msg>
	<Msg>
		<src>Enabled</src>
		<tr>Enabled</tr>
	</Msg>
	<Msg>
		<src>Close</src>
		<tr>Close</tr>
	</Msg>
	<Msg>
		<src>Synchronize</src>
		<tr>Synchronize</tr>
	</Msg>
	<Msg>
		<src>Ghost level</src>
		<tr>Ghost level</tr>
	</Msg>
	<Msg>
		<src>Ghost time</src>
		<tr>Ghost time</tr>
	</Msg>
	<Msg>
		<src>Remove Dead Pixels</src>
		<tr>Remove Dead Pixels</tr>
	</Msg>
	<Msg>
		<src>Current check up</src>
		<tr>Current check up</tr>
	</Msg>
	<Msg>
		<src>Low grayscale uniformity</src>
		<tr>Low grayscale uniformity</tr>
	</Msg>
	<Msg>
		<src>Regular</src>
		<tr>Regular</tr>
	</Msg>
	<Msg>
		<src>First scan dark</src>
		<tr>First scan dark</tr>
	</Msg>	
	<Msg>
		<src>Low gravscale color cast</src>
		<tr>Low gravscale color cast</tr>
	</Msg>
	<Msg>
		<src>First scan dark time</src>
		<tr>First scan dark time</tr>
	</Msg>
	<Msg>
		<src>Coupling adjustment</src>
		<tr>Coupling adjustment</tr>
	</Msg>
	<Msg>
		<src>Coupling1</src>
		<tr>Coupling1</tr>
	</Msg>
	<Msg>
		<src>Coupling2</src>
		<tr>Coupling2</tr>
	</Msg>
	<Msg>
		<src>Enable slowly</src>
		<tr>Enable slowly</tr>
	</Msg>
	<Msg>
		<src>Knee voltage</src>
		<tr>Knee voltage</tr>
	</Msg>
	<Msg>
		<src>Show mode</src>
		<tr>Show mode</tr>
	</Msg>
	<Msg>
		<src>Energy saving mode</src>
		<tr>Energy saving mode</tr>
	</Msg>
	<Msg>
		<src>Gradient optimization</src>
		<tr>Gradient optimization</tr>
	</Msg>
	<Msg>
		<src>Frame Synchronization Mode</src>
		<tr>Frame Synchronization Mode</tr>
	</Msg>
	<Msg>
		<src>Effect first</src>
		<tr>Effect first</tr>
	</Msg>
	<Msg>
		<src>Performance first</src>
		<tr>Performance first</tr>
	</Msg>
	<Msg>
		<src>Power-saving first</src>
		<tr>Power-saving first</tr>
	</Msg>
	<Msg>
		<src>Refresh group number</src>
		<tr>Refresh group number</tr>
	</Msg>
	<Msg>
		<src>Number of DCLK</src>
		<tr>Number of DCLK</tr>
	</Msg>
	<Msg>
		<src>Fine-tuning</src>
		<tr>Fine-tuning</tr>
	</Msg>
	<Msg>
		<src>Darker compensation of first scan</src>
		<tr>Darker compensation of first scan</tr>
	</Msg>
	<Msg>
		<src>Enhance low-grayscale uniformity</src>
		<tr>Enhance low-grayscale uniformity</tr>
	</Msg>
	<Msg>
		<src>The ghost to eliminate level</src>
		<tr>The ghost to eliminate level</tr>
	</Msg>
	<Msg>
		<src>Eliminate text ghosting</src>
		<tr>Eliminate text ghosting</tr>
	</Msg>
	<Msg>
		<src>Low-grayscale and color cast compensation</src>
		<tr>Low-grayscale and color cast compensation</tr>
	</Msg>
	<Msg>
		<src>Low-grayscale and color cast compensation </src>
		<tr>Low-grayscale and color cast compensation</tr>
	</Msg>
	<Msg>
		<src>Cross-board coupling optimization</src>
		<tr>Cross-board coupling optimization</tr>
	</Msg>
	<Msg>
		<src>Open circuit detection</src>
		<tr>Open circuit detection</tr>
	</Msg>
	<Msg>
		<src>R</src>
		<tr>R</tr>
	</Msg>
	<Msg>
		<src>G</src>
		<tr>G</tr>
	</Msg>
	<Msg>
		<src>B</src>
		<tr>B</tr>
	</Msg>
	<Msg>
		<src>OK</src>
		<tr>OK</tr>
	</Msg>
	<Msg>
		<src>Defaults</src>
		<tr>Defaults</tr>
	</Msg>
	<Msg>
		<src>Enhance</src>
		<tr>Enhance</tr>
	</Msg>
	<Msg>
		<src>Advanced</src>
		<tr>Advanced</tr>
	</Msg>
	<Msg>
		<src>Cancel</src>
		<tr>Cancel</tr>
	</Msg>
	<Msg>
		<src>Close</src>
		<tr>Close</tr>
	</Msg>
	<Msg>
		<src>Open</src>
		<tr>Open</tr>
	</Msg>	
	<Msg>
		<src>Extended attributes</src>
		<tr>Extended attributes</tr>
	</Msg>
	<Msg>
		<src>Current verification</src>
		<tr>Current verification</tr>
	</Msg>
	<Msg>
		<src>Ghost 1 level</src>
		<tr>Ghost 1 level</tr>
	</Msg>
	<Msg>
		<src>Ghost 1 time</src>
		<tr>Ghost 1 time</tr>
	</Msg>
	<Msg>
		<src>Ghost 2 level</src>
		<tr>Ghost 2 level</tr>
	</Msg>
	<Msg>
		<src>Ghost 2 time</src>
		<tr>Ghost 2 time</tr>
	</Msg>
	<Msg>
		<src>First scan dark level</src>
		<tr>First scan dark level</tr>
	</Msg>
	<Msg>
		<src>First scan dark time</src>
		<tr>First scan dark time</tr>
	</Msg>
	<Msg>
		<src>Low grayscale compensation 1</src>
		<tr>Low grayscale compensation 1</tr>
	</Msg>
	<Msg>
		<src>Low grayscale compensation 2</src>
		<tr>Low grayscale compensation 2</tr>
	</Msg>
	<Msg>
		<src>Low grayscale stripes improve</src>
		<tr>Low grayscale stripes improve</tr>
	</Msg>
	<Msg>
		<src>Low grayscale uniformity</src>
		<tr>Low grayscale uniformity</tr>
	</Msg>
	<Msg>
		<src>Coupling enhance model</src>
		<tr>Coupling enhance model</tr>
	</Msg>	
	<Msg>
		<src>Coupling Level</src>
		<tr>Coupling Level</tr>
	</Msg>	
	<Msg>
		<src>Coupling1</src>
		<tr>Coupling1</tr>
	</Msg>	
	<Msg>
		<src>Coupling2</src>
		<tr>Coupling2</tr>
	</Msg>	
	<Msg>
		<src>Coupling3</src>
		<tr>Coupling3</tr>
	</Msg>	
	<Msg>
		<src>Coupling4</src>
		<tr>Coupling4</tr>
	</Msg>
	<Msg>
		<src>Eliminate the Cross Level</src>
		<tr>Eliminate the Cross Level</tr>
	</Msg>	
	<Msg>
		<src>Current Detection Level</src>
		<tr>Current Detection Level</tr>
	</Msg>	
	<Msg>
		<src>Photo Optimization</src>
		<tr>Photo Optimization</tr>
	</Msg>	
	<Msg>
		<src>Smart Energy Saving</src>
		<tr>Smart Energy Saving</tr>
	</Msg>	
	<Msg>
		<src>Standby mode</src>
		<tr>Standby mode</tr>
	</Msg>	
	<Msg>
		<src> Remove Dead Pixels</src>
		<tr> Remove Dead Pixels</tr>
	</Msg>
	<Msg>
		<src>Dialog</src>
		<tr>ExtendAttribute</tr>
	</Msg>	
	<Msg>
		<src>Default Param 1</src>
		<tr>Default Param 1</tr>
	</Msg>
	<Msg>
		<src>Default Param 2</src>
		<tr>Default Param 2</tr>
	</Msg>
	
	<Msg>
		<src>Dynamic energy saving</src>
		<tr>Dynamic energy saving</tr>
	</Msg>
	<Msg>
		<src>Blanking text ghost level</src>
		<tr>Blanking text ghost level</tr>
	</Msg>
	<Msg>
		<src>Span board optimize</src>
		<tr>Span board optimize</tr>
	</Msg>
	<Msg>
		<src>Warning:the dclk freqeuncy is too low,please modify its frequency</src>
		<tr>Warning:the dclk freqeuncy is too low,please modify its frequency</tr>
	</Msg>
	<Msg>
		<src>Refresh packet number</src>
		<tr>Refresh packet number</tr>
	</Msg>
	<Msg>
		<src>Gama_Custom</src>
		<tr>Gama_Custom</tr>
	</Msg>
	<Msg>
		<src>Wrap Ghost Level</src>
		<tr>Wrap Ghost Level</tr>
	</Msg>
		<Msg>
		<src>Coupling Concealment Level</src>
		<tr>Coupling Concealment Level</tr>
	</Msg>	
	<Msg>
		<src>Column Hidden Interval</src>
		<tr>Column Hidden Interval</tr>
	</Msg>	
	<Msg>
		<src>Open Circuit Protection</src>
		<tr>Open Circuit Protection</tr>
	</Msg>	
	<Msg>
		<src>Coupling Optimization Mode</src>
		<tr>Coupling Optimization Mode</tr>
	</Msg>
	<Msg>
		<src>Enable Bad Point Detection</src>
		<tr>Enable Bad Point Detection</tr>
	</Msg>	
	<Msg>
		<src>Coupling Optimization Strength</src>
		<tr>Coupling Optimization Strength</tr>
	</Msg>	
	<Msg>
		<src>Low Gray scale Compensation Duration</src>
		<tr>Low Gray scale Compensation Duration</tr>
	</Msg>
	<Msg>
		<Msg>
		<src>Coupling Optimization Duration</src>
		<tr>Coupling Optimization Duration</tr>
	</Msg>
	<Msg>
		<src>Even Odd Scanning</src>
		<tr>Even Odd Scanning</tr>
	</Msg>	
	<Msg>
		<src>Starting Point Settings</src>
		<tr>Starting Point Settings</tr>
	</Msg>	
	<Msg>
		<src>Grayscale Compensation Settings</src>
		<tr>Grayscale Compensation Settings</tr>
	</Msg>	
	<Msg>
		<src>Coupled Blanking Mode</src>
		<tr>Coupled Blanking Mode</tr>
	</Msg>	
	<Msg>
		<src>Wrap Blanking Mode</src>
		<tr>Wrap Blanking Mode</tr>
	</Msg>	
	<Msg>
		<src>Gray Level Enhancement</src>
		<tr>Gray Level Enhancement</tr>
	</Msg>	
	<Msg>
		<src>Low grayscale uniformity</src>
		<tr>Low grayscale uniformity</tr>
	</Msg>	
	<Msg>
		<src>Open circuit protection</src>
		<tr>Open circuit protection</tr>
	</Msg>	
	<Msg>
		<src>Current Gear</src>
		<tr>Current Gear</tr>
	</Msg>
	<Msg>
		<src>Low gray compensation strength</src>
		<tr>Low gray compensation strength</tr>
	</Msg>	
	<Msg>
		<src>Dynamic Energy Saving</src>
		<tr>Dynamic Energy Saving</tr>
	</Msg>
	<Msg>
		<src>Constant Current Inflection Point</src>
		<tr>Constant Current Inflection Point</tr>
	</Msg>	
		<Msg>
		<src>PLL Division Coefficient N</src>
		<tr>PLL Division Coefficient N</tr>
	</Msg>	
	<Msg>
	<Msg>
		<src>Open Circut Detection Voltage</src>
		<tr>Open Circut Detection Voltage</tr>
	</Msg>	
	<Msg>
		<src>PLL Frequency Coefficient M</src>
		<tr>PLL Frequency Coefficient M</tr>
	</Msg>	
	<Msg>
		<src>Refresh Rate</src>
		<tr>Refresh Rate</tr>
	</Msg>
		<Msg>
		<src>GCLK  Frequency</src>
		<tr>GCLK  Frequency</tr>
	</Msg>
		<Msg>
		<src>Register group</src>
		<tr>Register group</tr>
	</Msg>
		<Msg>
		<src>High byte(Hex)</src>
		<tr>High byte(Hex)</tr>
	</Msg>
		<Msg>
		<src>Low byte(hex)</src>
		<tr>Low byte(hex)</tr>
	</Msg>
		<Msg>
		<src>Red chip</src>
		<tr>Red chip</tr>
	</Msg>
		<Msg>
		<src>Green chip</src>
		<tr>Green chip</tr>
	</Msg>
		</Msg>
		<Msg>
		<src>Blue chip</src>
		<tr>Blue chip</tr>
	</Msg>


	<Msg>
		<src>Output response</src>
		<tr>Output response</tr>
	</Msg>	
	<Msg>
		<src>Pre drive cycle setting</src>
		<tr>Pre drive cycle setting</tr>
	</Msg>	
	<Msg>
		<src>Coupling output shift</src>
		<tr>Coupling output shift</tr>
	</Msg>	
	<Msg>
		<src>Low ash pulse width compensation</src>
		<tr>Low ash pulse width compensation</tr>
	</Msg>	
	<Msg>
		<src>Current compensation</src>
		<tr>Current compensation</tr>
	</Msg>	
	<Msg>
		<src>Current compensation gear</src>
		<tr>Current compensation gear</tr>
	</Msg>	
	<Msg>
		<src>Low grayscale uniformity enhancement</src>
		<tr>Low grayscale uniformity enhancement</tr>
	</Msg>	
	<Msg>
		<src>Column blanking enhancement mode</src>
		<tr>Column blanking enhancement mode</tr>
	</Msg>	
	<Msg>
		<src>Open circuit detection adjustment</src>
		<tr>Open circuit detection adjustment</tr>
	</Msg>
	<Msg>
		<src>Coupling</src>
		<tr>Coupling</tr>
	</Msg>	
	<Msg>
		<src>Low ash compensation time setting</src>
		<tr>Low ash compensation time setting</tr>
	</Msg>
	<Msg>
		<src>Coupling range adjustment</src>
		<tr>Coupling range adjustment</tr>
	</Msg>	
		<Msg>
		<src>The predrive function is enabled</src>
		<tr>The predrive function is enabled</tr>
	</Msg>	
	<Msg>
		<src>Scanning mode</src>
		<tr>Scanning mode</tr>
	</Msg>	
	<Msg>
		<src>Open circuit dynamic detection</src>
		<tr>Open circuit dynamic detection</tr>
	</Msg>	
	<Msg>
		<src>Column Ghost Elimination Duration</src>
		<tr>Column Ghost Elimination Duration</tr>
	</Msg>
		<Msg>
		<src>Predrive Duration</src>
		<tr>Predrive Duration</tr>
	</Msg>
		<Msg>
		<src>Awakening Settings</src>
		<tr>Awakening Settings</tr>
	</Msg>
		<Msg>
		<src>Predrive Mode</src>
		<tr>Predrive Mode</tr>
	</Msg>
		<Msg>
		<src>Open Circut Detection Threshold</src>
		<tr>Open Circut Detection Threshold</tr>
	</Msg>
	</Msg>
		<Msg>
		<src>Column blanking strength adjustment</src>
		<tr>Column blanking strength adjustment</tr>
	</Msg>

		<Msg>
		<src>slow</src>
		<tr>slow</tr>
	</Msg>
		<Msg>
		<src>fast</src>
		<tr>fast</tr>
	</Msg>
		<Msg>
		<src>No offset</src>
		<tr>No offset</tr>
	</Msg>
		<Msg>
		<src>1 cycle</src>
		<tr>1 cycle</tr>
	</Msg>
		<Msg>
		<src>3 cycle</src>
		<tr>3 cycle</tr>
	</Msg>
		<Msg>
		<src>7 cycle</src>
		<tr>7 cycle</tr>
	</Msg>
		<Msg>
		<src>long</src>
		<tr>long</tr>
	</Msg>
		<Msg>
		<src>short</src>
		<tr>short</tr>
	</Msg>
		<Msg>
		<src>regular</src>
		<tr>regular</tr>
	</Msg>
		<Msg>
		<src>odd even scan</src>
		<tr>odd even scan</tr>
	</Msg>


		<Msg>
		<src>Open Circuit Detection Suspended</src>
		<tr>Open Circuit Detection Suspended</tr>
	</Msg>
		<Msg>
		<src>Pre Driving Strength</src>
		<tr>Pre Driving Strength</tr>
	</Msg>
		<Msg>
		<src>Pre Drive Mode Setting</src>
		<tr>Pre Drive Mode Setting</tr>
	</Msg>
		<Msg>
		<src>Line Wrap Hidden Enhancement Mode</src>
		<tr>Line Wrap Hidden Enhancement Mode</tr>
	</Msg>
		<Msg>
		<src>Open Circuit Detection Self Recovery</src>
		<tr>Open Circuit Detection Self Recovery</tr>
	</Msg>
		<Msg>
		<src>Grayscale Clock Selection</src>
		<tr>Grayscale Clock Selection</tr>
	</Msg>
		<Msg>
		<src>Hidden Enhancement Level Setting</src>
		<tr>Hidden Enhancement Level Setting</tr>
	</Msg>
		<Msg>
		<src>Coupling Optimization Settings</src>
		<tr>Coupling Optimization Settings</tr>
	</Msg>
		<Msg>
		<src>Grayscale Compensation Settings 1</src>
		<tr>Grayscale Compensation Settings 1</tr>
	</Msg>
		<Msg>
		<src>Grayscale Compensation Settings 2</src>
		<tr>Grayscale Compensation Settings 2</tr>
	</Msg>
		<Msg>
		<src>Low Gray Compensation Mode</src>
		<tr>Low Gray Compensation Mode</tr>
	</Msg>
		<Msg>
		<src>PLL clock</src>
		<tr>PLL clock</tr>
	</Msg>
		<Msg>
		<src>DCLK-4</src>
		<tr>DCLK-4</tr>
	</Msg>
		<Msg>
		<src>DCLK-2</src>
		<tr>DCLK-2</tr>
	</Msg>
</ChipTranslate>

