<?xml version='1.0' encoding='UTF-8'?>
<ChipTranslate>
    <Msg>
        <src>Current gain</src>
        <tr>Jelenlegi nyereség</tr>
    </Msg>
    <Msg>
        <src>Enable</src>
        <tr>Engedélyezés</tr>
    </Msg>
    <Msg>
        <src>Synchronize</src>
        <tr>Szinkronizálás</tr>
    </Msg>
    <Msg>
        <src>Enabled</src>
        <tr>Engedélyezve</tr>
    </Msg>
    <Msg>
        <src>Close</src>
        <tr>Bezárás</tr>
    </Msg>
    <Msg>
        <src>Ghost level</src>
        <tr>Szellem szintje</tr>
    </Msg>
    <Msg>
        <src>Ghost time</src>
        <tr>Szellem idő</tr>
    </Msg>
    <Msg>
        <src>Remove Dead Pixels</src>
        <tr>Halott pixelek eltávolítása</tr>
    </Msg>
    <Msg>
        <src>Low gravscale color cast</src>
        <tr>Alacsony szürke skála színárnyalat</tr>
    </Msg>
    <Msg>
        <src>Current check up</src>
        <tr>Jelenlegi ellenőrzés</tr>
    </Msg>
    <Msg>
        <src>First scan dark</src>
        <tr>Első szkennelés sötét</tr>
    </Msg>
    <Msg>
        <src>Low grayscale uniformity</src>
        <tr>Alacsony szürkeárnyalatos egyenletesség</tr>
    </Msg>
    <Msg>
        <src>First scan dark time</src>
        <tr>Első szkennelés sötét idő</tr>
    </Msg>
    <Msg>
        <src>Regular</src>
        <tr>Rendszeres</tr>
    </Msg>
    <Msg>
        <src>Coupling adjustment</src>
        <tr>Kapcsolat beállítás</tr>
    </Msg>
    <Msg>
        <src>Coupling1</src>
        <tr>Kapcsolat1</tr>
    </Msg>
    <Msg>
        <src>Coupling2</src>
        <tr>Kapcsolat2</tr>
    </Msg>
    <Msg>
        <src>Enable slowly</src>
        <tr>Lassan engedélyezés</tr>
    </Msg>
    <Msg>
        <src>Knee voltage</src>
        <tr>Térd feszültség</tr>
    </Msg>
    <Msg>
        <src>Show mode</src>
        <tr>Megjelenítési mód</tr>
    </Msg>
    <Msg>
        <src>Energy saving mode</src>
        <tr>Energiatakarékos mód</tr>
    </Msg>
    <Msg>
        <src>Gradient optimization</src>
        <tr>Gradiens optimalizálás</tr>
    </Msg>
    <Msg>
        <src>Frame Synchronization Mode</src>
        <tr>Keret szinkronizációs mód</tr>
    </Msg>
    <Msg>
        <src>Effect first</src>
        <tr>Első hatás</tr>
    </Msg>
    <Msg>
        <src>Performance first</src>
        <tr>Teljesítmény először</tr>
    </Msg>
    <Msg>
        <src>Power-saving first</src>
        <tr>Energiatakarékos először</tr>
    </Msg>
    <Msg>
        <src>Refresh group number</src>
        <tr>Frissítési csoportszám</tr>
    </Msg>
    <Msg>
        <src>Number of DCLK</src>
        <tr>DCLK száma</tr>
    </Msg>
    <Msg>
        <src>Fine-tuning</src>
        <tr>Finomhangolás</tr>
    </Msg>
    <Msg>
        <src>Darker compensation of first scan</src>
        <tr>Első szkennelés sötétebb kompenzációja</tr>
    </Msg>
    <Msg>
        <src>Enhance low-grayscale uniformity</src>
        <tr>Alacsony szürke egyenletesség javítása</tr>
    </Msg>
    <Msg>
        <src>The ghost to eliminate level</src>
        <tr>A szellem eltávolítási szintje</tr>
    </Msg>
    <Msg>
        <src>Eliminate text ghosting</src>
        <tr>Szöveg szellemkép eltávolítása</tr>
    </Msg>
    <Msg>
        <src>Low-grayscale and color cast compensation</src>
        <tr>Alacsony szürkeárnyalatos és színárnyalat kompenzáció</tr>
    </Msg>
    <Msg>
        <src>Low-grayscale and color cast compensation </src>
        <tr>Alacsony szürkeárnyalatos és színárnyalat kompenzáció</tr>
    </Msg>
    <Msg>
        <src>Cross-board coupling optimization</src>
        <tr>Kereszt-tábla kapcsolat optimalizálás</tr>
    </Msg>
    <Msg>
        <src>Open circuit detection</src>
        <tr>Nyitott áramkör érzékelés</tr>
    </Msg>
    <Msg>
        <src>R</src>
        <tr>R</tr>
    </Msg>
    <Msg>
        <src>G</src>
        <tr>G</tr>
    </Msg>
    <Msg>
        <src>B</src>
        <tr>B</tr>
    </Msg>
    <Msg>
        <src>OK</src>
        <tr>OK</tr>
    </Msg>
    <Msg>
        <src>Defaults</src>
        <tr>Alapértelmezések</tr>
    </Msg>
    <Msg>
        <src>Close</src>
        <tr>Bezárás</tr>
    </Msg>
    <Msg>
        <src>Open</src>
        <tr>Megnyitás</tr>
    </Msg>
    <Msg>
        <src>Enhance</src>
        <tr>Erősítés</tr>
    </Msg>
    <Msg>
        <src>Advanced</src>
        <tr>Haladó</tr>
    </Msg>
    <Msg>
        <src>Cancel</src>
        <tr>Mégse</tr>
    </Msg>
    <Msg>
        <src>Extended attributes</src>
        <tr>Kiterjesztett attribútumok</tr>
    </Msg>
    <Msg>
        <src>Current verification</src>
        <tr>Jelenlegi ellenőrzés</tr>
    </Msg>
    <Msg>
        <src>Warning:please adjust gclk multiplier.</src>
        <tr>Figyelmeztetés: Kérjük, állítsa be a gclk szorzót.</tr>
    </Msg>
    <Msg>
        <src>Ghost 1 level</src>
        <tr>Szellem 1 szintje</tr>
    </Msg>
    <Msg>
        <src>Ghost 1 time</src>
        <tr>Szellem 1 ideje</tr>
    </Msg>
    <Msg>
        <src>Ghost 2 level</src>
        <tr>Szellem 2 szintje</tr>
    </Msg>
    <Msg>
        <src>Ghost 2 time</src>
        <tr>Szellem 2 ideje</tr>
    </Msg>
    <Msg>
        <src>First scan dark level</src>
        <tr>Első szkennelés sötét szint</tr>
    </Msg>
    <Msg>
        <src>First scan dark time</src>
        <tr>Első szkennelés sötét idő</tr>
    </Msg>
    <Msg>
        <src>Low grayscale compensation 1</src>
        <tr>Alacsony szürkeárnyalatos kompenzáció 1</tr>
    </Msg>
    <Msg>
        <src>Low grayscale compensation 2</src>
        <tr>Alacsony szürkeárnyalatos kompenzáció 2</tr>
    </Msg>
    <Msg>
        <src>Low grayscale stripes improve</src>
        <tr>Alacsony szürkeárnyalatos csíkok javítása</tr>
    </Msg>
    <Msg>
        <src>Low grayscale uniformity</src>
        <tr>Alacsony szürkeárnyalatos egyenletesség</tr>
    </Msg>
    <Msg>
        <src>Coupling enhance model</src>
        <tr>Kapcsolat erősítés modell</tr>
    </Msg>
    <Msg>
        <src>Coupling Level</src>
        <tr>Kapcsolat szint</tr>
    </Msg>
    <Msg>
        <src>Coupling1</src>
        <tr>Kapcsolat1</tr>
    </Msg>
    <Msg>
        <src>Coupling2</src>
        <tr>Kapcsolat2</tr>
    </Msg>
    <Msg>
        <src>Coupling3</src>
        <tr>Kapcsolat3</tr>
    </Msg>
    <Msg>
        <src>Coupling4</src>
        <tr>Kapcsolat4</tr>
    </Msg>
    <Msg>
        <src>Eliminate the Cross Level</src>
        <tr>Kereszt szint eltávolítása</tr>
    </Msg>
    <Msg>
        <src>Current Detection Level</src>
        <tr>Jelenlegi érzékelési szint</tr>
    </Msg>
    <Msg>
        <src>Photo Optimization</src>
        <tr>Fénykép optimalizálás</tr>
    </Msg>
    <Msg>
        <src>Smart Energy Saving</src>
        <tr>Intelligens energiatakarékosság</tr>
    </Msg>
    <Msg>
        <src> StandBy Mode</src>
        <tr>Készenléti mód</tr>
    </Msg>
    <Msg>
        <src>Remove Dead Pixels</src>
        <tr>Halott pixelek eltávolítása</tr>
    </Msg>
    <Msg>
        <src>Dialog</src>
        <tr>Párbeszédablak</tr>
    </Msg>
    <Msg>
        <src>Default Param 1</src>
        <tr>Alapértelmezett paraméter 1</tr>
    </Msg>
    <Msg>
        <src>Default Param 2</src>
        <tr>Alapértelmezett paraméter 2</tr>
    </Msg>
    <Msg>
        <src>Dynamic energy saving</src>
        <tr>Dinamikus energiatakarékosság</tr>
    </Msg>
    <Msg>
        <src>Blanking text ghost level</src>
        <tr>Blanking text ghost level (Üres szöveg szellemszintje)</tr>
    </Msg>
    <Msg>
        <src>Span board optimize</src>
        <tr>Keret optimalizálás</tr>
    </Msg>
    <Msg>
        <src>Warning:the dclk freqeuncy is too low,please modify its frequency</src>
        <tr>Figyelmeztetés: Az dclk frekvenciája túl alacsony, kérjük, módosítsa a frekvenciát</tr>
    </Msg>
    <Msg>
        <src>Refresh packet number</src>
        <tr>Frissítési csomag szám</tr>
    </Msg>
    <Msg>
        <src>Gama_Custom</src>
        <tr>Gama_Custom</tr>
    </Msg>
    <Msg>
        <src>Wrap Ghost Level</src>
        <tr>Wrap szellem szint</tr>
    </Msg>
    <Msg>
        <src>Coupling Concealment Level</src>
        <tr>Kapcsolat elrejtési szint</tr>
    </Msg>
    <Msg>
        <src>Column Hidden Interval</src>
        <tr>Oszlop elrejtési intervallum</tr>
    </Msg>
    <Msg>
        <src>Enable Open Circuit Protection</src>
        <tr>Nyitott áramkör védelem engedélyezése</tr>
    </Msg>
    <Msg>
        <src>Coupling Optimization Mode</src>
        <tr>Kapcsolat optimalizálási mód</tr>
    </Msg>
    <Msg>
        <src>Enable Bad Point Detection</src>
        <tr>Rossz pont érzékelés engedélyezése</tr>
    </Msg>
    <Msg>
        <src>Coupling Optimization Strength</src>
        <tr>Kapcsolat optimalizálási erősség</tr>
    </Msg>
    <Msg>
        <src>Low Gray scale Compensation Duration</src>
        <tr>Alacsony szürke skálás kompenzáció időtartama</tr>
    </Msg>
    <Msg>
        <src>Coupling Optimization Duration</src>
        <tr>Kapcsolat optimalizálás időtartama</tr>
    </Msg>
    <Msg>
        <src>Even Odd Scanning</src>
        <tr>Páros-páratlan szkennelés</tr>
    </Msg>
    <Msg>
        <src>Starting Point Settings</src>
        <tr>Kiindulási pont beállítások</tr>
    </Msg>
    <Msg>
        <src>Grayscale Compensation Settings</src>
        <tr>Szürkeárnyalatos kompenzáció beállítások</tr>
    </Msg>
    <Msg>
        <src>Coupled Blanking Mode</src>
        <tr>Kapcsolt üres mód</tr>
    </Msg>
    <Msg>
        <src>Wrap Blanking Mode</src>
        <tr>Wrap üres mód</tr>
    </Msg>
    <Msg>
        <src>Gray Level Enhancement</src>
        <tr>Szürke szint javítása</tr>
    </Msg>
    <Msg>
        <src>Low grayscale uniformity</src>
        <tr>Alacsony szürkeárnyalatos egyenletesség</tr>
    </Msg>
    <Msg>
        <src>Open circuit protection</src>
        <tr>Nyitott áramkör védelem</tr>
    </Msg>
    <Msg>
        <src>Current Gear</src>
        <tr>Jelenlegi sebességfokozat</tr>
    </Msg>
    <Msg>
        <src>Low gray compensation strength</src>
        <tr>Alacsony szürke kompenzáció erőssége</tr>
    </Msg>
    <Msg>
        <src>Dynamic Energy Saving</src>
        <tr>Dinamikus energiatakarékosság</tr>
    </Msg>
    <Msg>
        <src>Constant Current Inflection Point</src>
        <tr>Állandó áram töréspont</tr>
    </Msg>
    <Msg>
        <src>PLL Division Coefficient N</src>
        <tr>PLL osztó együttható N</tr>
    </Msg>
    <Msg>
        <src>Open Circut Detection Voltage</src>
        <tr>Nyitott áramkör érzékelési feszültség</tr>
    </Msg>
    <Msg>
        <src>PLL Frequency Coefficient M</src>
        <tr>PLL frekvencia együttható M</tr>
    </Msg>
    <Msg>
        <src>Refresh Rate</src>
        <tr>Frissítési gyakoriság</tr>
    </Msg>
    <Msg>
        <src>GCLK  Frequency</src>
        <tr>GCLK frekvencia</tr>
    </Msg>
    <Msg>
        <src>Register group</src>
        <tr>Regiszter csoport</tr>
    </Msg>
    <Msg>
        <src>High byte(Hex)</src>
        <tr>Magas bájt (Hex)</tr>
    </Msg>
    <Msg>
        <src>Low byte(hex)</src>
        <tr>Alacsony bájt (hex)</tr>
    </Msg>
    <Msg>
        <src>Red chip</src>
        <tr>Piros chip</tr>
    </Msg>
    <Msg>
        <src>Green chip</src>
        <tr>Zöld chip</tr>
    </Msg>
    <Msg>
        <src>Blue chip</src>
        <tr>Kék chip</tr>
    </Msg>
    <Msg>
        <src>Output response</src>
        <tr>Kimeneti válasz</tr>
    </Msg>
    <Msg>
        <src>Pre drive cycle setting</src>
        <tr>Előhajtási ciklus beállítása</tr>
    </Msg>
    <Msg>
        <src>Coupling output shift</src>
        <tr>Kapcsolat kimeneti eltolás</tr>
    </Msg>
    <Msg>
        <src>Low ash pulse width compensation</src>
        <tr>Alacsony hamu impulzus szélesség kompenzáció</tr>
    </Msg>
    <Msg>
        <src>Current compensation</src>
        <tr>Jelenlegi kompenzáció</tr>
    </Msg>
    <Msg>
        <src>Current compensation gear</src>
        <tr>Jelenlegi kompenzáció fokozat</tr>
    </Msg>
    <Msg>
        <src>Low grayscale uniformity enhancement</src>
        <tr>Alacsony szürkeárnyalatos egyenletesség javítása</tr>
    </Msg>
    <Msg>
        <src>Column blanking enhancement mode</src>
        <tr>Oszlop üres erősítés mód</tr>
    </Msg>
    <Msg>
        <src>Open circuit detection adjustment</src>
        <tr>Nyitott áramkör érzékelés beállítása</tr>
    </Msg>
    <Msg>
        <src>Coupling</src>
        <tr>Kapcsolat</tr>
    </Msg>
    <Msg>
        <src>Low ash compensation time setting</src>
        <tr>Alacsony hamu kompenzációs idő beállítása</tr>
    </Msg>
    <Msg>
        <src>Coupling range adjustment</src>
        <tr>Kapcsolat tartomány beállítása</tr>
    </Msg>
    <Msg>
        <src>The predrive function is enabled</src>
        <tr>Az előhajtás funkció engedélyezve</tr>
    </Msg>
    <Msg>
        <src>Scanning mode</src>
        <tr>Szkennelési mód</tr>
    </Msg>
    <Msg>
        <src>Open circuit dynamic detection</src>
        <tr>Nyitott áramkör dinamikus érzékelés</tr>
    </Msg>
    <Msg>
        <src>Column Ghost Elimination Duration</src>
        <tr>Oszlop szellem eltávolítás időtartama</tr>
    </Msg>
    <Msg>
        <src>Predrive Duration</src>
        <tr>Előhajtási időtartam</tr>
    </Msg>
    <Msg>
        <src>Awakening Settings</src>
        <tr>Ébresztési beállítások</tr>
    </Msg>
    <Msg>
        <src>Predrive Mode</src>
        <tr>Előhajtási mód</tr>
    </Msg>
    <Msg>
        <src>Open Circut Detection Threshold</src>
        <tr>Nyitott áramkör érzékelési küszöb</tr>
    </Msg>
    <Msg>
        <src>Column blanking strength adjustment</src>
        <tr>Oszlop üres erősség beállítása</tr>
    </Msg>
    <Msg>
        <src>slow</src>
        <tr>lassú</tr>
    </Msg>
    <Msg>
        <src>fast</src>
        <tr>gyors</tr>
    </Msg>
    <Msg>
        <src>No offset</src>
        <tr>Nincs eltolás</tr>
    </Msg>
    <Msg>
        <src>1 cycle</src>
        <tr>1 ciklus</tr>
    </Msg>
    <Msg>
        <src>3 cycle</src>
        <tr>3 ciklus</tr>
    </Msg>
    <Msg>
        <src>7 cycle</src>
        <tr>7 ciklus</tr>
    </Msg>
    <Msg>
        <src>long</src>
        <tr>hosszú</tr>
    </Msg>
    <Msg>
        <src>short</src>
        <tr>rövid</tr>
    </Msg>
    <Msg>
        <src>regular</src>
        <tr>szabályos</tr>
    </Msg>
    <Msg>
        <src>odd even scan</src>
        <tr>páratlan páros szkennelés</tr>
    </Msg>
</ChipTranslate>
