<?xml version="1.0" encoding="UTF-8"?>
<ChipTranslate>
	<Msg>
		<src>Current gain</src>
		<tr>电流增益</tr>
	</Msg>
	<Msg>
		<src>Enable</src>
		<tr>启用</tr>
	</Msg>
	<Msg>
		<src>Synchronize</src>
		<tr>同步</tr>
	</Msg>
	<Msg>
		<src>Enabled</src>
		<tr>启用</tr>
	</Msg>
	<Msg>
		<src>Close</src>
		<tr>关闭</tr>
	</Msg>
	<Msg>
		<src>Ghost level</src>
		<tr>消隐等级</tr>
	</Msg>
	<Msg>
		<src>Ghost time</src>
		<tr>消隐时间</tr>
	</Msg>
	<Msg>
		<src>Remove Dead Pixels</src>
		<tr>去除坏点</tr>
	</Msg>
	<Msg>
		<src>Low gravscale color cast</src>
		<tr>低灰偏色补偿</tr>
	</Msg>
	<Msg>
		<src>Current check up</src>
		<tr>电流校验</tr>
	</Msg>
	<Msg>
		<src>First scan dark</src>
		<tr>第一扫偏暗补偿</tr>
	</Msg>	
	<Msg>
		<src>Low grayscale uniformity</src>
		<tr>低灰均匀性</tr>
	</Msg>
	<Msg>
		<src>First scan dark time</src>
		<tr>第一扫偏暗补偿时间</tr>
	</Msg>
	<Msg>
		<src>Regular</src>
		<tr>常规模式</tr>
	</Msg>
	<Msg>
		<src>Coupling adjustment</src>
		<tr>耦合调节</tr>
	</Msg>
	<Msg>
		<src>Coupling1</src>
		<tr>耦合优化1</tr>
	</Msg>
	<Msg>
		<src>Coupling2</src>
		<tr>耦合优化2</tr>
	</Msg>
	<Msg>
		<src>Enable slowly</src>
		<tr>慢速开启</tr>
	</Msg>
	<Msg>
		<src>Knee voltage</src>
		<tr>拐点电压</tr>
	</Msg>
	<Msg>
		<src>Show mode</src>
		<tr>显示模式</tr>
	</Msg>
	<Msg>
		<src>Energy saving mode</src>
		<tr>节能模式</tr>
	</Msg>
	<Msg>
		<src>Gradient optimization</src>
		<tr>渐变优化</tr>
	</Msg>
	<Msg>
		<src>Frame Synchronization Mode</src>
		<tr>帧同步模式</tr>
	</Msg>
	<Msg>
		<src>Effect first</src>
		<tr>效果优先</tr>
	</Msg>
	<Msg>
		<src>Performance first</src>
		<tr>性能优先</tr>
	</Msg>
	<Msg>
		<src>Power-saving first</src>
		<tr>节能优先</tr>
	</Msg>
	<Msg>
		<src>Refresh group number</src>
		<tr>刷新分组数</tr>
	</Msg>
	<Msg>
		<src>Number of DCLK</src>
		<tr>每行DLCK个数</tr>
	</Msg>
	<Msg>
		<src>Fine-tuning</src>
		<tr>微调</tr>
	</Msg>
	<Msg>
		<src>Darker compensation of first scan</src>
		<tr>第一扫偏暗补偿</tr>
	</Msg>
	<Msg>
		<src>Enhance low-grayscale uniformity</src>
		<tr>低灰均匀性提升</tr>
	</Msg>
	<Msg>
		<src>The ghost to eliminate level</src>
		<tr>下鬼影消除等级</tr>
	</Msg>
	<Msg>
		<src>Eliminate text ghosting</src>
		<tr>消除文字鬼影</tr>
	</Msg>
	<Msg>
		<src>Low-grayscale and color cast compensation</src>
		<tr>低灰偏色补偿</tr>
	</Msg>
	<Msg>
		<src>Low-grayscale and color cast compensation </src>
		<tr>低灰偏色补偿</tr>
	</Msg>
	<Msg>
		<src>Cross-board coupling optimization</src>
		<tr>跨版耦合优化</tr>
	</Msg>
	<Msg>
		<src>Open circuit detection</src>
		<tr>对应开路检测</tr>
	</Msg>
	<Msg>
		<src>R</src>
		<tr>红</tr>
	</Msg>
	<Msg>
		<src>G</src>
		<tr>绿</tr>
	</Msg>
	<Msg>
		<src>B</src>
		<tr>蓝</tr>
	</Msg>
	<Msg>
		<src>OK</src>
		<tr>确认</tr>
	</Msg>
	<Msg>
		<src>Defaults</src>
		<tr>默认值</tr>
	</Msg>
	<Msg>
		<src>Close</src>
		<tr>关闭</tr>
	</Msg>
	<Msg>
		<src>Open</src>
		<tr>打开</tr>
	</Msg>
	<Msg>
		<src>Enhance</src>
		<tr>增强</tr>
	</Msg>
	<Msg>
		<src>Advanced</src>
		<tr>高级模式</tr>
	</Msg>
	<Msg>
		<src>Cancel</src>
		<tr>取消</tr>
	</Msg>
	<Msg>
		<src>Extended attributes</src>
		<tr>扩展属性</tr>
	</Msg>
	<Msg>
		<src>Current verification</src>
		<tr>电流验证</tr>
	</Msg>
	<Msg>
		<src>Warning:please adjust gclk multiplier.</src>
		<tr>警告:请纠正gclk倍率</tr>
	</Msg>
		<Msg>
		<src>Ghost 1 level</src>
		<tr>消隐1等级</tr>
	</Msg>
	<Msg>
		<src>Ghost 1 time</src>
		<tr>消隐1时间</tr>
	</Msg>
	<Msg>
		<src>Ghost 2 level</src>
		<tr>消隐2等级</tr>
	</Msg>
	<Msg>
		<src>Ghost 2 time</src>
		<tr>消隐2时间</tr>
	</Msg>
	<Msg>
		<src>First scan dark level</src>
		<tr>第一扫偏暗补偿等级</tr>
	</Msg>
	<Msg>
		<src>First scan dark time</src>
		<tr>第一扫偏暗补偿时间</tr>
	</Msg>
	<Msg>
		<src>Low grayscale compensation 1</src>
		<tr>低灰补偿1</tr>
	</Msg>
	<Msg>
		<src>Low grayscale compensation 2</src>
		<tr>低灰补偿2</tr>
	</Msg>
	<Msg>
		<src>Low grayscale stripes improve</src>
		<tr>低灰横条纹改善</tr>
	</Msg>
	<Msg>
		<src>Low grayscale uniformity</src>
		<tr>低灰均匀性</tr>
	</Msg>
	<Msg>
		<src>Coupling enhance model</src>
		<tr>耦合增强模式</tr>
	</Msg>	
	<Msg>
		<src>Coupling Level</src>
		<tr>耦合等级</tr>
	</Msg>	
	<Msg>
		<src>Coupling1</src>
		<tr>耦合优化1</tr>
	</Msg>	
	<Msg>
		<src>Coupling2</src>
		<tr>耦合优化2</tr>
	</Msg>	
	<Msg>
		<src>Coupling3</src>
		<tr>耦合优化3</tr>
	</Msg>	
	<Msg>
		<src>Coupling4</src>
		<tr>耦合优化4</tr>
	</Msg>
	<Msg>
		<src>Eliminate the Cross Level</src>
		<tr>消开路十字架等级</tr>
	</Msg>	
	<Msg>
		<src>Current Detection Level</src>
		<tr>电流增益检测等级</tr>
	</Msg>	
	<Msg>
		<src>Photo Optimization</src>
		<tr>拍照优化</tr>
	</Msg>	
	<Msg>
		<src>Smart Energy Saving</src>
		<tr>智慧节能</tr>
	</Msg>	
	<Msg>
		<src> StandBy Mode</src>
		<tr> 待机模式</tr>
	</Msg>	
	<Msg>
		<src>Remove Dead Pixels</src>
		<tr> 启用去除坏点</tr>
	</Msg>
	<Msg>
		<src>Dialog</src>
		<tr>扩展属性</tr>
	</Msg>
	<Msg>
		<src>Default Param 1</src>
		<tr>默认参数1</tr>
	</Msg>
	<Msg>
		<src>Default Param 2</src>
		<tr>默认参数2</tr>
	</Msg>
	<Msg>
		<src>Dynamic energy saving</src>
		<tr>动态节能</tr>
	</Msg>
	<Msg>
		<src>Blanking text ghost level</src>
		<tr>消隐文字鬼影等级</tr>
	</Msg>
	<Msg>
		<src>Span board optimize</src>
		<tr>跨板优化</tr>
	</Msg>
	<Msg>
		<src>Warning:the dclk freqeuncy is too low,please modify its frequency</src>
		<tr>警告:dclk频率过低，请调整频率</tr>
	</Msg>
	<Msg>
		<src>Refresh packet number</src>
		<tr>刷新分组数</tr>
	</Msg>
	<Msg>
		<src>Gama_Custom</src>
		<tr>Gama_自定义</tr>
	</Msg>
		<Msg>
		<src>Wrap Ghost Level</src>
		<tr>换行消隐等级</tr>
	</Msg>
		<Msg>
		<src>Coupling Concealment Level</src>
		<tr>耦合消隐等级 </tr>
	</Msg>	
	<Msg>
		<src>Column Hidden Interval</src>
		<tr>列消隐区间</tr>
	</Msg>	
	<Msg>
		<src>Open Circuit Protection</src>
		<tr>开路保护</tr>
	</Msg>	
	<Msg>
		<src>Coupling Optimization Mode</src>
		<tr>耦合优化模式</tr>
	</Msg>
	<Msg>
		<src>Enable Bad Point Detection</src>
		<tr>坏点检测使能</tr>
	</Msg>	
	<Msg>
		<src>Coupling Optimization Strength</src>
		<tr>耦合优化强度</tr>
	</Msg>	
	<Msg>
		<src>Low Gray scale Compensation Duration</src>
		<tr>低灰补偿时长</tr>
	</Msg>
	<Msg>
		<src>Coupling Optimization Duration</src>
		<tr>耦合优化时长</tr>
	</Msg>
	<Msg>
		<src>Even Odd Scanning</src>
		<tr>奇偶扫描</tr>
	</Msg>	
	<Msg>
		<src>Starting Point Settings</src>
		<tr>PWM起点设置</tr>
	</Msg>	
	<Msg>
		<src>Grayscale Compensation Settings</src>
		<tr>起灰补偿设置</tr>
	</Msg>	
	<Msg>
		<src>Coupled Blanking Mode</src>
		<tr>耦合消隐模式</tr>
	</Msg>	
	<Msg>
		<src>Wrap Blanking Mode</src>
		<tr>换行消隐模式</tr>
	</Msg>	
	<Msg>
		<src>Gray Level Enhancement</src>
		<tr>灰度增强</tr>
	</Msg>	
	<Msg>
		<src>Low grayscale uniformity</src>
		<tr>低灰均匀性</tr>
	</Msg>	
	<Msg>
		<src>Open circuit protection</src>
		<tr>对应开路检测</tr>
	</Msg>	
	<Msg>
		<src>Current Gear</src>
		<tr>电流档位</tr>
	</Msg>
	<Msg>
		<src>Low gray compensation strength</src>
		<tr>低灰补偿强度</tr>
	</Msg>	
	<Msg>
		<src>Dynamic Energy Saving</src>
		<tr>动态节能</tr>
	</Msg>
	<Msg>
		<src>Constant Current Inflection Point</src>
		<tr>恒流拐点</tr>
	</Msg>	
		<Msg>
		<src>PLL Division Coefficient N</src>
		<tr>PLL分频系数N</tr>
	</Msg>	
	<Msg>
		<src>Open Circut Detection Voltage</src>
		<tr>开路检测电压</tr>
	</Msg>	
	<Msg>
		<src>PLL Frequency Coefficient M</src>
		<tr>PLL倍频系数M</tr>
	</Msg>	
	<Msg>
		<src>Refresh Rate</src>
		<tr>刷新倍率</tr>
	</Msg>
		<Msg>
		<src>GCLK  Frequency</src>
		<tr>GCLK频率</tr>
	</Msg>
		<Msg>
		<src>Register group</src>
		<tr>寄存器组</tr>
	</Msg>
		<Msg>
		<src>High byte(Hex)</src>
		<tr>高字节(16进制)</tr>
	</Msg>
		<Msg>
		<src>Low byte(hex)</src>
		<tr>低字节(16进制)</tr>
	</Msg>
		<Msg>
		<src>Red chip</src>
		<tr>红色芯片</tr>
	</Msg>
		<Msg>
		<src>Green chip</src>
		<tr>绿色芯片</tr>
	</Msg>
		<Msg>
		<src>Blue chip</src>
		<tr>蓝色芯片</tr>
	</Msg>
	<Msg>
		<src>Output response</src>
		<tr>输出响应</tr>
	</Msg>	
	<Msg>
		<src>Pre drive cycle setting</src>
		<tr>预驱动周期设置</tr>
	</Msg>	
	<Msg>
		<src>Coupling output shift</src>
		<tr>耦合输出移位</tr>
	</Msg>	
	<Msg>
		<src>Low ash pulse width compensation</src>
		<tr>低灰脉宽补偿</tr>
	</Msg>	
	<Msg>
		<src>Current compensation</src>
		<tr>电流补偿</tr>
	</Msg>	
	<Msg>
		<src>Current compensation gear</src>
		<tr>电流补偿档位</tr>
	</Msg>	
	<Msg>
		<src>Low grayscale uniformity enhancement</src>
		<tr>低灰均匀性提升</tr>
	</Msg>	
	<Msg>
		<src>Column blanking enhancement mode</src>
		<tr>列消隐增强模式</tr>
	</Msg>	
	<Msg>
		<src>Open circuit detection adjustment</src>
		<tr>开路检测点调整</tr>
	</Msg>
	<Msg>
		<src>Coupling</src>
		<tr>耦合优化</tr>
	</Msg>	
	<Msg>
		<src>Low ash compensation time setting</src>
		<tr>低灰补偿时间设置</tr>
	</Msg>
	<Msg>
		<src>Coupling range adjustment</src>
		<tr>耦合范围调整</tr>
	</Msg>	
		<Msg>
		<src>The predrive function is enabled</src>
		<tr>预驱动使能</tr>
	</Msg>	
	<Msg>
		<src>Scanning mode</src>
		<tr>扫描模式</tr>
	</Msg>	
	<Msg>
		<src>Open circuit dynamic detection</src>
		<tr>开路动态检测</tr>
	</Msg>	
	<Msg>
		<src>Column Ghost Elimination Duration</src>
		<tr>列消隐时长</tr>
	</Msg>
		<Msg>
		<src>Predrive Duration</src>
		<tr>预驱动时长</tr>
	</Msg>
		<Msg>
		<src>Awakening Settings</src>
		<tr>唤醒设置</tr>
	</Msg>
		<Msg>
		<src>Predrive Mode</src>
		<tr>预驱动模式</tr>
	</Msg>
		<Msg>
		<src>Open Circut Detection Threshold</src>
		<tr>开路检测阈值</tr>
	</Msg>
		<Msg>
		<src>Column blanking strength adjustment</src>
		<tr>列消隐强度调整</tr>
	</Msg>
		<Msg>
		<src>slow</src>
		<tr>慢</tr>
	</Msg>
		<Msg>
		<src>fast</src>
		<tr>快</tr>
	</Msg>
		<Msg>
		<src>No offset</src>
		<tr>不偏移</tr>
	</Msg>
		<Msg>
		<src>1 cycle</src>
		<tr>1个周期</tr>
	</Msg>
		<Msg>
		<src>3 cycle</src>
		<tr>3个周期</tr>
	</Msg>
		<Msg>
		<src>7 cycle</src>
		<tr>7个周期</tr>
	</Msg>
		<Msg>
		<src>long</src>
		<tr>长</tr>
	</Msg>
		<Msg>
		<src>short</src>
		<tr>短</tr>
	</Msg>
		<Msg>
		<src>regular</src>
		<tr>常规</tr>
	</Msg>
		<Msg>
		<src>odd even scan</src>
		<tr>奇偶扫</tr>
	</Msg>
		<Msg>
		<src>Open Circuit Detection Suspended</src>
		<tr>开路检测挂起</tr>
	</Msg>
		<Msg>
		<src>Pre Driving Strength</src>
		<tr>预驱动强度</tr>
	</Msg>
		<Msg>
		<src>Pre Drive Mode Setting</src>
		<tr>预驱动模式设置</tr>
	</Msg>
		<Msg>
		<src>Line Wrap Hidden Enhancement Mode</src>
		<tr>换行消隐增强模式</tr>
	</Msg>
		<Msg>
		<src>Open Circuit Detection Self Recovery</src>
		<tr>开路检测自恢复</tr>
	</Msg>
		<Msg>
		<src>Grayscale Clock Selection</src>
		<tr>灰度时钟选择</tr>
	</Msg>
		<Msg>
		<src>Hidden Enhancement Level Setting</src>
		<tr>消隐增强等级设置</tr>
	</Msg>
		<Msg>
		<src>Coupling Optimization Settings</src>
		<tr>耦合优化设置</tr>
	</Msg>
		<Msg>
		<src>Grayscale Compensation Settings 1</src>
		<tr>起灰补偿设置1</tr>
	</Msg>
		<Msg>
		<src>Grayscale Compensation Settings 2</src>
		<tr>起灰补偿设置2</tr>
	</Msg>
		<Msg>
		<src>Low Gray Compensation Mode</src>
		<tr>低灰补偿模式</tr>
	</Msg>
		<Msg>
		<src>PLL clock</src>
		<tr>PLL倍频时钟</tr>
	</Msg>
		<Msg>
		<src>DCLK-4</src>
		<tr>DCLK-4倍频</tr>
	</Msg>
		<Msg>
		<src>DCLK-2</src>
		<tr>DCLK-2倍频</tr>
	</Msg>
</ChipTranslate>
