<?xml version="1.0" encoding="UTF-8"?>
<ChipTranslate>
	<Msg>
		<src>Regular</src>
		<tr>常規模式</tr>
	</Msg>
	<Msg>
		<src>Advanced</src>
		<tr>高級模式</tr>
	</Msg>	
	<Msg>
		<src>defaults</src>
		<tr>默認參數</tr>
	</Msg>		
	<Msg>
		<src>ok</src>
		<tr>確定</tr>
	</Msg>		
	<Msg>
		<src>cancel</src>
		<tr>取消</tr>
	</Msg>
	<Msg>
		<src>first line dark compensation</src>
		<tr>首行偏色補償</tr>
	</Msg>	
	<Msg>
		<src>low gray level optimization</src>
		<tr>低灰色階優化</tr>
	</Msg>	
	<Msg>
		<src>low gray color deviation correction</src>
		<tr>低灰偏色修正</tr>
	</Msg>		
	<Msg>
		<src>ghost shadow elimination</src>
		<tr>下鬼影消除</tr>
	</Msg>		
	<Msg>
		<src>cross version coupling optimization</src>
		<tr>跨版耦合優化</tr>
	</Msg>	
	<Msg>
		<src>output inflection point voltage</src>
		<tr>輸出拐點電壓</tr>
	</Msg>	
	<Msg>
		<src>open circuit detection</src>
		<tr>開路檢測</tr>
	</Msg>	
	<Msg>
		<src>cross version coupling mode</src>
		<tr>跨版耦合模式</tr>
	</Msg>		
	<Msg>
		<src>refresh rate mode</src>
		<tr>刷新率優化</tr>
	</Msg>	
	<Msg>
		<src>Low gray high brush mode</src>
		<tr>低灰高刷模式</tr>
	</Msg>	
	<Msg>
		<src>eliminate ghost</src>
		<tr>消文字鬼影</tr>
	</Msg>		
	<Msg>
		<src>hidden voltage charging enhancement</src>
		<tr>消隱電壓充電增強</tr>
	</Msg>	
	<Msg>
		<src>mir voltage fast discharge</src>
		<tr>MIR電壓快速放電</tr>
	</Msg>
	<Msg>
		<src>MIT time adjustment</src>
		<tr>MIT時間調節</tr>
	</Msg>	
	<Msg>
		<src>low gray mode</src>
		<tr>低灰模式</tr>
	</Msg>	
	<Msg>
		<src>current gain</src>
		<tr>電流增益</tr>
	</Msg>
	<Msg>
		<src>property</src>
		<tr>屬性</tr>
	</Msg>	
	<Msg>
		<src>R</src>
		<tr>紅</tr>
	</Msg>	
	<Msg>
		<src>G</src>
		<tr>綠</tr>
	</Msg>	
	<Msg>
		<src>B</src>
		<tr>藍</tr>
	</Msg>
	<Msg>
		<src>Register group</src>
		<tr>寄存器組</tr>
	</Msg>
	<Msg>
		<src>High byte(Hex)</src>
		<tr>高字節(16進制)</tr>
	</Msg>
	<Msg>
		<src>Low byte(hex)</src>
		<tr>高字節(16進制)</tr>
	</Msg>	
	<Msg>
		<src>Red chip</src>
		<tr>紅色芯片</tr>
	</Msg>	
	<Msg>
		<src>Green chip</src>
		<tr>綠色芯片</tr>
	</Msg>	
	<Msg>
		<src>Blue chip</src>
		<tr>藍色芯片</tr>
	</Msg>	
	<Msg>
		<src>manual</src>
		<tr>手動模式</tr>
	</Msg>	
	<Msg>
		<src>automatic</src>
		<tr>自動模式</tr>
	</Msg>		
	<Msg>
		<src>descending edge</src>
		<tr>下降沿</tr>
	</Msg>	
	<Msg>
		<src>rising edge</src>
		<tr>上升沿</tr>
	</Msg>	
	<Msg>
		<src>normal</src>
		<tr>正常掃</tr>
	</Msg>	
	<Msg>
		<src>parity scanning</src>
		<tr>奇偶掃</tr>
	</Msg>		
	<Msg>
		<src>slow</src>
		<tr>慢</tr>
	</Msg>	
	<Msg>
		<src>quick</src>
		<tr>快</tr>
	</Msg>		
	<Msg>
		<src>1st gear</src>
		<tr>第一檔</tr>
	</Msg>	
	<Msg>
		<src>2nd gear</src>
		<tr>第二檔</tr>
	</Msg>		
	<Msg>
		<src>3th gear</src>
		<tr>第三檔</tr>
	</Msg>	
	<Msg>
		<src>4th gear</src>
		<tr>第四檔</tr>
	</Msg>		
	<Msg>
		<src>Frequency</src>
		<tr>倍頻</tr>
	</Msg>	
	<Msg>
		<src>Mixed Freq</src>
		<tr>混頻</tr>
	</Msg>	
	<Msg>
		<src>Enable</src>
		<tr>啟用</tr>
	</Msg>		
	<Msg>
		<src>Dialog</src>
		<tr>擴展屬性</tr>
	</Msg>
	<Msg>
		<src>Synchronize</src>
		<tr>同步</tr>
	</Msg>	
</ChipTranslate>
