<?xml version='1.0' encoding='UTF-8'?>
<ChipTranslate>
    <Msg>
        <src>Regular</src>
        <tr>Rendszeres</tr>
    </Msg>
    <Msg>
        <src>Advanced</src>
        <tr>Haladó</tr>
    </Msg>
    <Msg>
        <src>defaults</src>
        <tr>alapértelmezések</tr>
    </Msg>
    <Msg>
        <src>ok</src>
        <tr>ok</tr>
    </Msg>
    <Msg>
        <src>cancel</src>
        <tr>mégse</tr>
    </Msg>
    <Msg>
        <src>first line dark compensation</src>
        <tr>első sor sötét kompenzáció</tr>
    </Msg>
    <Msg>
        <src>low gray level optimization</src>
        <tr>alacsony szürke szint optimalizálása</tr>
    </Msg>
    <Msg>
        <src>low gray color deviation correction</src>
        <tr>alacsony szürke színtorzítás korrekció</tr>
    </Msg>
    <Msg>
        <src>ghost shadow elimination</src>
        <tr>szellem árnyék eltávolítása</tr>
    </Msg>
    <Msg>
        <src>cross version coupling optimization</src>
        <tr>kereszt verzió kapcsolat optimalizálás</tr>
    </Msg>
    <Msg>
        <src>output inflection point voltage</src>
        <tr>kimeneti töréspont feszültsége</tr>
    </Msg>
    <Msg>
        <src>open circuit detection</src>
        <tr>nyitott áramkör érzékelés</tr>
    </Msg>
    <Msg>
        <src>cross version coupling mode</src>
        <tr>kereszt verzió kapcsolat mód</tr>
    </Msg>
    <Msg>
        <src>refresh rate mode</src>
        <tr>frissítési gyakoriság mód</tr>
    </Msg>
    <Msg>
        <src>Low gray high brush mode</src>
        <tr>Alacsony szürke magas kefe mód</tr>
    </Msg>
    <Msg>
        <src>eliminate ghost</src>
        <tr>szellem eltávolítása</tr>
    </Msg>
    <Msg>
        <src>hidden voltage charging enhancement</src>
        <tr>rejtett feszültség töltési erősítés</tr>
    </Msg>
    <Msg>
        <src>mir voltage fast discharge</src>
        <tr>mir feszültség gyors kisütés</tr>
    </Msg>
    <Msg>
        <src>MIT time adjustment</src>
        <tr>MIT idő beállítás</tr>
    </Msg>
    <Msg>
        <src>low gray mode</src>
        <tr>alacsony szürke mód</tr>
    </Msg>
    <Msg>
        <src>current gain</src>
        <tr>jelenlegi nyereség</tr>
    </Msg>
    <Msg>
        <src>property</src>
        <tr>tulajdonság</tr>
    </Msg>
    <Msg>
        <src>R</src>
        <tr>R</tr>
    </Msg>
    <Msg>
        <src>G</src>
        <tr>G</tr>
    </Msg>
    <Msg>
        <src>B</src>
        <tr>B</tr>
    </Msg>
    <Msg>
        <src>Register group</src>
        <tr>Regiszter csoport</tr>
    </Msg>
    <Msg>
        <src>High byte(Hex)</src>
        <tr>Magas bájt (Hex)</tr>
    </Msg>
    <Msg>
        <src>Low byte(hex)</src>
        <tr>Alacsony bájt (hex)</tr>
    </Msg>
    <Msg>
        <src>Red chip</src>
        <tr>Piros chip</tr>
    </Msg>
    <Msg>
        <src>Green chip</src>
        <tr>Zöld chip</tr>
    </Msg>
    <Msg>
        <src>Blue chip</src>
        <tr>Kék chip</tr>
    </Msg>
    <Msg>
        <src>manual</src>
        <tr>kézi</tr>
    </Msg>
    <Msg>
        <src>automatic</src>
        <tr>automatikus</tr>
    </Msg>
    <Msg>
        <src>descending edge</src>
        <tr>leszálló él</tr>
    </Msg>
    <Msg>
        <src>rising edge</src>
        <tr>emelkedő él</tr>
    </Msg>
    <Msg>
        <src>normal</src>
        <tr>normál</tr>
    </Msg>
    <Msg>
        <src>parity scanning</src>
        <tr>párhuzamos szkennelés</tr>
    </Msg>
    <Msg>
        <src>slow</src>
        <tr>lassú</tr>
    </Msg>
    <Msg>
        <src>quick</src>
        <tr>gyors</tr>
    </Msg>
    <Msg>
        <src>1st gear</src>
        <tr>fokozat</tr>
    </Msg>
    <Msg>
        <src>2nd gear</src>
        <tr>fokozat</tr>
    </Msg>
    <Msg>
        <src>3th gear</src>
        <tr>fokozat</tr>
    </Msg>
    <Msg>
        <src>4th gear</src>
        <tr>fokozat</tr>
    </Msg>
    <Msg>
        <src>Frequency</src>
        <tr>Frekvencia</tr>
    </Msg>
    <Msg>
        <src>Mixed Freq</src>
        <tr>Vegyes frekvencia</tr>
    </Msg>
    <Msg>
        <src>Enable</src>
        <tr>Engedélyezés</tr>
    </Msg>
    <Msg>
        <src>Dialog</src>
        <tr>Párbeszédablak</tr>
    </Msg>
    <Msg>
        <src>Synchronize</src>
        <tr>Szinkronizálás</tr>
    </Msg>
</ChipTranslate>
