<?xml version="1.0" encoding="UTF-8"?>
<ChipTranslate>
	<Msg>
		<src>Regular</src>
		<tr>常规模式</tr>
	</Msg>
	<Msg>
		<src>Advanced</src>
		<tr>高级模式</tr>
	</Msg>	
	<Msg>
		<src>defaults</src>
		<tr>默认参数</tr>
	</Msg>		
	<Msg>
		<src>ok</src>
		<tr>确定</tr>
	</Msg>		
	<Msg>
		<src>cancel</src>
		<tr>取消</tr>
	</Msg>
	<Msg>
		<src>first line dark compensation</src>
		<tr>首行偏色补偿</tr>
	</Msg>	
	<Msg>
		<src>low gray level optimization</src>
		<tr>低灰色阶优化</tr>
	</Msg>	
	<Msg>
		<src>low gray color deviation correction</src>
		<tr>低灰偏色修正</tr>
	</Msg>		
	<Msg>
		<src>ghost shadow elimination</src>
		<tr>下鬼影消除</tr>
	</Msg>		
	<Msg>
		<src>cross version coupling optimization</src>
		<tr>跨版耦合优化</tr>
	</Msg>	
	<Msg>
		<src>output inflection point voltage</src>
		<tr>输出拐点电压</tr>
	</Msg>	
	<Msg>
		<src>open circuit detection</src>
		<tr>开路检测</tr>
	</Msg>	
	<Msg>
		<src>cross version coupling mode</src>
		<tr>跨版耦合模式</tr>
	</Msg>		
	<Msg>
		<src>refresh rate mode</src>
		<tr>刷新率模式</tr>
	</Msg>	
	<Msg>
		<src>Low gray high brush mode</src>
		<tr>低灰高刷模式</tr>
	</Msg>	
	<Msg>
		<src>eliminate ghost</src>
		<tr>消文字鬼影</tr>
	</Msg>		
	<Msg>
		<src>hidden voltage charging enhancement</src>
		<tr>消隐电压充电增强</tr>
	</Msg>	
	<Msg>
		<src>mir voltage fast discharge</src>
		<tr>MIR电压快速放电</tr>
	</Msg>
	<Msg>
		<src>MIT time adjustment</src>
		<tr>MIT时间调节</tr>
	</Msg>	
	<Msg>
		<src>low gray mode</src>
		<tr>低灰模式</tr>
	</Msg>	
	<Msg>
		<src>current gain</src>
		<tr>电流增益</tr>
	</Msg>
	<Msg>
		<src>property</src>
		<tr>属性</tr>
	</Msg>	
	<Msg>
		<src>R</src>
		<tr>红</tr>
	</Msg>	
	<Msg>
		<src>G</src>
		<tr>绿</tr>
	</Msg>	
	<Msg>
		<src>B</src>
		<tr>蓝</tr>
	</Msg>
	<Msg>
		<src>Register group</src>
		<tr>寄存器组</tr>
	</Msg>
	<Msg>
		<src>High byte(Hex)</src>
		<tr>高字节(16进制)</tr>
	</Msg>
	<Msg>
		<src>Low byte(hex)</src>
		<tr>低字节(16进制)</tr>
	</Msg>	
	<Msg>
		<src>Red chip</src>
		<tr>红色芯片</tr>
	</Msg>	
	<Msg>
		<src>Green chip</src>
		<tr>绿色芯片</tr>
	</Msg>	
	<Msg>
		<src>Blue chip</src>
		<tr>蓝色芯片</tr>
	</Msg>	
	<Msg>
		<src>manual</src>
		<tr>手动模式</tr>
	</Msg>	
	<Msg>
		<src>automatic</src>
		<tr>自动模式</tr>
	</Msg>		
	<Msg>
		<src>descending edge</src>
		<tr>下降沿</tr>
	</Msg>	
	<Msg>
		<src>rising edge</src>
		<tr>上升沿</tr>
	</Msg>	
	<Msg>
		<src>normal</src>
		<tr>正常扫</tr>
	</Msg>	
	<Msg>
		<src>parity scanning</src>
		<tr>奇偶扫</tr>
	</Msg>		
	<Msg>
		<src>slow</src>
		<tr>慢速</tr>
	</Msg>	
	<Msg>
		<src>quick</src>
		<tr>快速</tr>
	</Msg>		
	<Msg>
		<src>1st gear</src>
		<tr>第一档</tr>
	</Msg>	
	<Msg>
		<src>2nd gear</src>
		<tr>第二档</tr>
	</Msg>		
	<Msg>
		<src>3th gear</src>
		<tr>第三档</tr>
	</Msg>	
	<Msg>
		<src>4th gear</src>
		<tr>第四档</tr>
	</Msg>		
	<Msg>
		<src>Frequency</src>
		<tr>倍频</tr>
	</Msg>	
	<Msg>
		<src>Mixed Freq</src>
		<tr>混频</tr>
	</Msg>		
	<Msg>
		<src>Enable</src>
		<tr>启用</tr>
	</Msg>		
	<Msg>
		<src>Dialog</src>
		<tr>扩展属性</tr>
	</Msg>
	<Msg>
		<src>Synchronize</src>
		<tr>同步</tr>
	</Msg>	
</ChipTranslate>
