<?xml version="1.0" encoding="UTF-8"?>
<ChipTranslate>
	<Msg>
		<src>Regular</src>
		<tr>Regular</tr>
	</Msg>
	<Msg>
		<src>Advanced</src>
		<tr>Advanced</tr>
	</Msg>	
	<Msg>
		<src>defaults</src>
		<tr>defaults</tr>
	</Msg>		
	<Msg>
		<src>ok</src>
		<tr>ok</tr>
	</Msg>		
	<Msg>
		<src>cancel</src>
		<tr>cancel</tr>
	</Msg>
	<Msg>
		<src>first line dark compensation</src>
		<tr>first line dark compensation</tr>
	</Msg>	
	<Msg>
		<src>low gray level optimization</src>
		<tr>low gray level optimization</tr>
	</Msg>	
	<Msg>
		<src>low gray color deviation correction</src>
		<tr>low gray color deviation correction</tr>
	</Msg>		
	<Msg>
		<src>ghost shadow elimination</src>
		<tr>ghost shadow elimination</tr>
	</Msg>		
	<Msg>
		<src>cross version coupling optimization</src>
		<tr>cross version coupling optimization</tr>
	</Msg>	
	<Msg>
		<src>output inflection point voltage</src>
		<tr>output inflection point voltage</tr>
	</Msg>	
	<Msg>
		<src>open circuit detection</src>
		<tr>open circuit detection</tr>
	</Msg>	
	<Msg>
		<src>cross version coupling mode</src>
		<tr>cross version coupling mode</tr>
	</Msg>		
	<Msg>
		<src>refresh rate mode</src>
		<tr>refresh rate mode</tr>
	</Msg>	
	<Msg>
		<src>Low gray high brush mode</src>
		<tr>Low gray high brush mode</tr>
	</Msg>	
	<Msg>
		<src>eliminate ghost</src>
		<tr>eliminate ghost</tr>
	</Msg>		
	<Msg>
		<src>hidden voltage charging enhancement</src>
		<tr>hidden voltage charging enhancement</tr>
	</Msg>	
	<Msg>
		<src>mir voltage fast discharge</src>
		<tr>mir voltage fast discharge</tr>
	</Msg>
	<Msg>
		<src>MIT time adjustment</src>
		<tr>MIT time adjustment</tr>
	</Msg>	
	<Msg>
		<src>low gray mode</src>
		<tr>low gray mode</tr>
	</Msg>	
	<Msg>
		<src>current gain</src>
		<tr>current gain</tr>
	</Msg>
	<Msg>
		<src>property</src>
		<tr>property</tr>
	</Msg>	
	<Msg>
		<src>R</src>
		<tr>R</tr>
	</Msg>	
	<Msg>
		<src>G</src>
		<tr>G</tr>
	</Msg>	
	<Msg>
		<src>B</src>
		<tr>B</tr>
	</Msg>
	<Msg>
		<src>Register group</src>
		<tr>Register group</tr>
	</Msg>
	<Msg>
		<src>High byte(Hex)</src>
		<tr>High byte(Hex)</tr>
	</Msg>
	<Msg>
		<src>Low byte(hex)</src>
		<tr>Low byte(hex)</tr>
	</Msg>	
	<Msg>
		<src>Red chip</src>
		<tr>Red chip</tr>
	</Msg>	
	<Msg>
		<src>Green chip</src>
		<tr>Green chip</tr>
	</Msg>	
	<Msg>
		<src>Blue chip</src>
		<tr>Blue chip</tr>
	</Msg>	
	<Msg>
		<src>manual</src>
		<tr>manual</tr>
	</Msg>	
	<Msg>
		<src>automatic</src>
		<tr>automatic</tr>
	</Msg>		
	<Msg>
		<src>descending edge</src>
		<tr>descending edge</tr>
	</Msg>	
	<Msg>
		<src>rising edge</src>
		<tr>rising edge</tr>
	</Msg>	
	<Msg>
		<src>normal</src>
		<tr>normal</tr>
	</Msg>	
	<Msg>
		<src>parity scanning</src>
		<tr>parity scanning</tr>
	</Msg>		
	<Msg>
		<src>slow</src>
		<tr>slow</tr>
	</Msg>	
	<Msg>
		<src>quick</src>
		<tr>quick</tr>
	</Msg>		
	<Msg>
		<src>1st gear</src>
		<tr>1st gear</tr>
	</Msg>	
	<Msg>
		<src>2nd gear</src>
		<tr>2nd gear</tr>
	</Msg>		
	<Msg>
		<src>3th gear</src>
		<tr>3th gear</tr>
	</Msg>	
	<Msg>
		<src>4th gear</src>
		<tr>4th gear</tr>
	</Msg>		
	<Msg>
		<src>Frequency</src>
		<tr>Frequency</tr>
	</Msg>	
	<Msg>
		<src>Mixed Freq</src>
		<tr>Mixed Freq</tr>
	</Msg>
	<Msg>
		<src>Enable</src>
		<tr>Enable</tr>
	</Msg>
	<Msg>
		<src>Dialog</src>
		<tr>Dialog</tr>
	</Msg>
	<Msg>
		<src>Synchronize</src>
		<tr>Synchronize</tr>
	</Msg>	
</ChipTranslate>
