<?xml version='1.0' encoding='UTF-8'?>
<ChipTranslate>
    <Msg>
        <src>Regular</src>
        <tr>Rendszeres</tr>
    </Msg>
    <Msg>
        <src>Advanced</src>
        <tr>Haladó</tr>
    </Msg>
    <Msg>
        <src>defaults</src>
        <tr>alapértelmezések</tr>
    </Msg>
    <Msg>
        <src>ok</src>
        <tr>ok</tr>
    </Msg>
    <Msg>
        <src>cancel</src>
        <tr>mégse</tr>
    </Msg>
    <Msg>
        <src>ghost enhance</src>
        <tr>szellem javítás</tr>
    </Msg>
    <Msg>
        <src>ghost lv</src>
        <tr>szellem szint</tr>
    </Msg>
    <Msg>
        <src>constant current inflect point</src>
        <tr>állandó áram töréspont</tr>
    </Msg>
    <Msg>
        <src>current gear</src>
        <tr>jelenlegi fokozat</tr>
    </Msg>
    <Msg>
        <src>reaction rate</src>
        <tr>reakciósebesség</tr>
    </Msg>
    <Msg>
        <src>current gain</src>
        <tr>jelenlegi nyereség</tr>
    </Msg>
    <Msg>
        <src>property</src>
        <tr>tulajdonság</tr>
    </Msg>
    <Msg>
        <src>R</src>
        <tr>R</tr>
    </Msg>
    <Msg>
        <src>G</src>
        <tr>G</tr>
    </Msg>
    <Msg>
        <src>B</src>
        <tr>B</tr>
    </Msg>
    <Msg>
        <src>Register group</src>
        <tr>Regiszter csoport</tr>
    </Msg>
    <Msg>
        <src>High byte(Hex)</src>
        <tr>Magas bájt (Hex)</tr>
    </Msg>
    <Msg>
        <src>Low byte(hex)</src>
        <tr>Alacsony bájt (hex)</tr>
    </Msg>
    <Msg>
        <src>Red chip</src>
        <tr>Piros chip</tr>
    </Msg>
    <Msg>
        <src>Green chip</src>
        <tr>Zöld chip</tr>
    </Msg>
    <Msg>
        <src>Blue chip</src>
        <tr>Kék chip</tr>
    </Msg>
    <Msg>
        <src>slow</src>
        <tr>lassú</tr>
    </Msg>
    <Msg>
        <src>quick</src>
        <tr>gyors</tr>
    </Msg>
    <Msg>
        <src>Enable</src>
        <tr>Engedélyezés</tr>
    </Msg>
    <Msg>
        <src>Dialog</src>
        <tr>Párbeszédablak</tr>
    </Msg>
    <Msg>
        <src>Synchronize</src>
        <tr>Szinkronizálás</tr>
    </Msg>
</ChipTranslate>
