<?xml version="1.0" encoding="UTF-8"?>
<ChipTranslate>
	<Msg>
		<src>Regular</src>
		<tr>常規模式</tr>
	</Msg>
	<Msg>
		<src>Advanced</src>
		<tr>高級模式</tr>
	</Msg>	
	<Msg>
		<src>defaults</src>
		<tr>默認參數</tr>
	</Msg>		
	<Msg>
		<src>ok</src>
		<tr>確定</tr>
	</Msg>		
	<Msg>
		<src>cancel</src>
		<tr>取消</tr>
	</Msg>
	<Msg>
		<src>ghost enhance</src>
		<tr>消隱增強</tr>
	</Msg>	
	<Msg>
		<src>ghost lv</src>
		<tr>消隱等級</tr>
	</Msg>	
	<Msg>
		<src>constant current inflect point</src>
		<tr>恆流拐點</tr>
	</Msg>		
	<Msg>
		<src>current gear</src>
		<tr>電流檔位</tr>
	</Msg>		
	<Msg>
		<src>reaction rate</src>
		<tr>響應速度</tr>
	</Msg>	
	<Msg>
		<src>current gain</src>
		<tr>電流增益</tr>
	</Msg>
	<Msg>
		<src>property</src>
		<tr>屬性</tr>
	</Msg>	
	<Msg>
		<src>R</src>
		<tr>紅</tr>
	</Msg>	
	<Msg>
		<src>G</src>
		<tr>綠</tr>
	</Msg>	
	<Msg>
		<src>B</src>
		<tr>藍</tr>
	</Msg>
	<Msg>
		<src>Register group</src>
		<tr>寄存器組</tr>
	</Msg>
	<Msg>
		<src>High byte(Hex)</src>
		<tr>高字節(16進制)</tr>
	</Msg>
	<Msg>
		<src>Low byte(hex)</src>
		<tr>低字節(16進制)</tr>
	</Msg>	
	<Msg>
		<src>Red chip</src>
		<tr>紅色芯片</tr>
	</Msg>	
	<Msg>
		<src>Green chip</src>
		<tr>綠色芯片</tr>
	</Msg>	
	<Msg>
		<src>Blue chip</src>
		<tr>藍色芯片</tr>
	</Msg>		
	<Msg>
		<src>slow</src>
		<tr>慢</tr>
	</Msg>	
	<Msg>
		<src>quick</src>
		<tr>塊</tr>
	</Msg>		
	<Msg>
		<src>Enable</src>
		<tr>啟用</tr>
	</Msg>		
	<Msg>
		<src>Dialog</src>
		<tr>拓展屬性</tr>
	</Msg>
	<Msg>
		<src>Synchronize</src>
		<tr>同步</tr>
	</Msg>	
</ChipTranslate>
