<?xml version="1.0" encoding="UTF-8"?>
<ChipTranslate>
	<Msg>
		<src>Regular</src>
		<tr>Regular</tr>
	</Msg>
	<Msg>
		<src>Advanced</src>
		<tr>Advanced</tr>
	</Msg>	
	<Msg>
		<src>defaults</src>
		<tr>defaults</tr>
	</Msg>		
	<Msg>
		<src>ok</src>
		<tr>ok</tr>
	</Msg>		
	<Msg>
		<src>cancel</src>
		<tr>cancel</tr>
	</Msg>
	<Msg>
		<src>ghost enhance</src>
		<tr>ghost enhance</tr>
	</Msg>	
	<Msg>
		<src>ghost lv</src>
		<tr>ghost lv</tr>
	</Msg>	
	<Msg>
		<src>constant current inflect point</src>
		<tr>constant current inflect point</tr>
	</Msg>		
	<Msg>
		<src>current gear</src>
		<tr>current gear</tr>
	</Msg>		
	<Msg>
		<src>reaction rate</src>
		<tr>reaction rate</tr>
	</Msg>	
	<Msg>
		<src>current gain</src>
		<tr>current gain</tr>
	</Msg>
	<Msg>
		<src>property</src>
		<tr>property</tr>
	</Msg>	
	<Msg>
		<src>R</src>
		<tr>R</tr>
	</Msg>	
	<Msg>
		<src>G</src>
		<tr>G</tr>
	</Msg>	
	<Msg>
		<src>B</src>
		<tr>B</tr>
	</Msg>
	<Msg>
		<src>Register group</src>
		<tr>Register group</tr>
	</Msg>
	<Msg>
		<src>High byte(Hex)</src>
		<tr>High byte(Hex)</tr>
	</Msg>
	<Msg>
		<src>Low byte(hex)</src>
		<tr>Low byte(hex)</tr>
	</Msg>	
	<Msg>
		<src>Red chip</src>
		<tr>Red chip</tr>
	</Msg>	
	<Msg>
		<src>Green chip</src>
		<tr>Green chip</tr>
	</Msg>	
	<Msg>
		<src>Blue chip</src>
		<tr>Blue chip</tr>
	</Msg>		
	<Msg>
		<src>slow</src>
		<tr>slow</tr>
	</Msg>	
	<Msg>
		<src>quick</src>
		<tr>quick</tr>
	</Msg>		
	<Msg>
		<src>Enable</src>
		<tr>Enable</tr>
	</Msg>		
	<Msg>
		<src>Dialog</src>
		<tr>Dialog</tr>
	</Msg>
	<Msg>
		<src>Synchronize</src>
		<tr>Synchronize</tr>
	</Msg>	
</ChipTranslate>
