<?xml version="1.0" encoding="UTF-8"?>
<ChipTranslate>
	<Msg>
		<src>Regular</src>
		<tr>常规模式</tr>
	</Msg>
	<Msg>
		<src>Advanced</src>
		<tr>高级模式</tr>
	</Msg>	
	<Msg>
		<src>defaults</src>
		<tr>默认参数</tr>
	</Msg>		
	<Msg>
		<src>ok</src>
		<tr>确定</tr>
	</Msg>		
	<Msg>
		<src>cancel</src>
		<tr>取消</tr>
	</Msg>
	<Msg>
		<src>ghost enhance</src>
		<tr>消隐增强</tr>
	</Msg>	
	<Msg>
		<src>ghost lv</src>
		<tr>消隐等级</tr>
	</Msg>	
	<Msg>
		<src>constant current inflect point</src>
		<tr>恒流拐点</tr>
	</Msg>		
	<Msg>
		<src>current gear</src>
		<tr>电流档位</tr>
	</Msg>		
	<Msg>
		<src>reaction rate</src>
		<tr>响应速度</tr>
	</Msg>	
	<Msg>
		<src>current gain</src>
		<tr>电流增益</tr>
	</Msg>
	<Msg>
		<src>property</src>
		<tr>属性</tr>
	</Msg>	
	<Msg>
		<src>R</src>
		<tr>红</tr>
	</Msg>	
	<Msg>
		<src>G</src>
		<tr>绿</tr>
	</Msg>	
	<Msg>
		<src>B</src>
		<tr>蓝</tr>
	</Msg>
	<Msg>
		<src>Register group</src>
		<tr>寄存器组</tr>
	</Msg>
	<Msg>
		<src>High byte(Hex)</src>
		<tr>高字节(16进制)</tr>
	</Msg>
	<Msg>
		<src>Low byte(hex)</src>
		<tr>低字节(16进制)</tr>
	</Msg>	
	<Msg>
		<src>Red chip</src>
		<tr>红色芯片</tr>
	</Msg>	
	<Msg>
		<src>Green chip</src>
		<tr>绿色芯片</tr>
	</Msg>	
	<Msg>
		<src>Blue chip</src>
		<tr>蓝色芯片</tr>
	</Msg>		
	<Msg>
		<src>slow</src>
		<tr>慢</tr>
	</Msg>	
	<Msg>
		<src>quick</src>
		<tr>快</tr>
	</Msg>		
	<Msg>
		<src>Enable</src>
		<tr>启用</tr>
	</Msg>		
	<Msg>
		<src>Dialog</src>
		<tr>扩展属性</tr>
	</Msg>
	<Msg>
		<src>Synchronize</src>
		<tr>同步</tr>
	</Msg>	
</ChipTranslate>
