<?xml version="1.0" encoding="UTF-8"?>
<ChipTranslate>
	<Msg>
		<src>Extended attributes</src>
		<tr>Extended attributes</tr>
	</Msg>
	<Msg>
		<src>Regular</src>
		<tr>Regular</tr>
	</Msg>	
	<Msg>
		<src>Advanced</src>
		<tr>Advanced</tr>
	</Msg>		
	<Msg>
		<src>Property</src>
		<tr>Property</tr>
	</Msg>			
	<Msg>
		<src>Output Inflection</src>
		<tr>Output Inflection</tr>
	</Msg>
	<Msg>
		<src>Current Output</src>
		<tr>Current Output</tr>
	</Msg>
	<Msg>
		<src>Low Gray Spot</src>
		<tr>Low Gray Spot</tr>
	</Msg>	
	<Msg>
		<src>Gamma Smoothing Level</src>
		<tr>Gamma Smoothing Level</tr>
	</Msg>
	<Msg>
		<src>Ghost Level</src>
		<tr>Ghost Level</tr>
	</Msg>	
	<Msg>
		<src>Coupling</src>
		<tr>Coupling</tr>
	</Msg>
	<Msg>
		<src>Coupling Level</src>
		<tr>Coupling Level</tr>
	</Msg>
	<Msg>
		<src>Coupling Coefficient</src>
		<tr>Coupling Coefficient</tr>
	</Msg>
	<Msg>
		<src>Coupling Optimization</src>
		<tr>Coupling Optimization</tr>
	</Msg>	
	<Msg>
		<src>Ghost Moment</src>
		<tr>Ghost Moment</tr>
	</Msg>
	<Msg>
		<src>Ghost Time</src>
		<tr>Ghost Time</tr>
	</Msg>	
	<Msg>
		<src>Resistance</src>
		<tr>Resistance</tr>
	</Msg>
	<Msg>
		<src>Enhanced Low Gray Display</src>
		<tr>Enhanced Low Gray Display</tr>
	</Msg>	
	<Msg>
		<src>Black Screen Dynamic Energy Saving</src>
		<tr>Black Screen Dynamic Energy Saving</tr>
	</Msg>
	<Msg>
		<src>High Gray Independent Refresh</src>
		<tr>High Gray Independent Refresh</tr>
	</Msg>
	<Msg>
		<src>Frequency Division Factor</src>
		<tr>Frequency Division Factor</tr>
	</Msg>
	<Msg>
		<src>Number Of GCLKs Per Row</src>
		<tr>Number Of GCLKs Per Row</tr>
	</Msg>	
	<Msg>
		<src>Edge Selection</src>
		<tr>Edge Selection</tr>
	</Msg>
	<Msg>
		<src>Wipe Off</src>
		<tr>Wipe Off</tr>
	</Msg>	
	<Msg>
		<src>Enable</src>
		<tr>Enable</tr>
	</Msg>
	<Msg>
		<src>Enhance</src>
		<tr>Enhance</tr>
	</Msg>	
	<Msg>
		<src>Effect first</src>
		<tr>Effect first</tr>
	</Msg>
	<Msg>
		<src>Low Power First</src>
		<tr>Low Power First</tr>
	</Msg>
	<Msg>
		<src>Very Low Power First</src>
		<tr>Very Low Power First</tr>
	</Msg>
	<Msg>
		<src>Effect First</src>
		<tr>Effect First</tr>
	</Msg>
	<Msg>
		<src>Low power first</src>
		<tr>Low power first</tr>
	</Msg>
	<Msg>
		<src>Very low power first</src>
		<tr>Very low power first</tr>
	</Msg>
	<Msg>
		<src>Universal Syn</src>
		<tr>Universal Syn</tr>
	</Msg>	
	<Msg>
		<src>Synchronous</src>
		<tr>Synchronous</tr>
	</Msg>
	<Msg>
		<src>Asynchronous</src>
		<tr>Asynchronous</tr>
	</Msg>
	<Msg>
		<src>High ash Low Gray</src>
		<tr>High ash Low Gray</tr>
	</Msg>	
	<Msg>
		<src>Single Edge</src>
		<tr>Single Edge</tr>
	</Msg>	
	<Msg>
		<src>Double Edge</src>
		<tr>Double Edge</tr>
	</Msg>		
	<Msg>
		<src>Current Gain</src>
		<tr>Current Gain</tr>
	</Msg>	
	<Msg>
		<src>R</src>
		<tr>R</tr>
	</Msg>
	<Msg>
		<src>G</src>
		<tr>G</tr>
	</Msg>
	<Msg>
		<src>B</src>
		<tr>B</tr>
	</Msg>
	<Msg>
		<src>Synchronize</src>
		<tr>Synchronize</tr>
	</Msg>	
	<Msg>
		<src>Ok</src>
		<tr>Ok</tr>
	</Msg>
	<Msg>
		<src>Defaults</src>
		<tr>Defaults</tr>
	</Msg>
	<Msg>
		<src>Cancel</src>
		<tr>Cancel</tr>
	</Msg>
	<Msg>
		<src>Register Group</src>
		<tr>Register Group</tr>
	</Msg>	
	<Msg>
		<src>High Byte(Hex)</src>
		<tr>High Byte(Hex)</tr>
	</Msg>
	<Msg>
		<src>Low Byte(Hex)</src>
		<tr>Low Byte(Hex)</tr>
	</Msg>
	<Msg>
		<src>Red Chip</src>
		<tr>Red Chip</tr>
	</Msg>
	<Msg>
		<src>Green Chip</src>
		<tr>Green Chip</tr>
	</Msg>
	<Msg>
		<src>Blue Chip</src>
		<tr>Blue Chip</tr>
	</Msg>
	<Msg>
		<src>Adjust Current</src>
		<tr>Adjust Current</tr>
	</Msg>
	<Msg>
		<src>With/Without External Resistor</src>
		<tr>With/Without External Resistor</tr>
	</Msg>
	<Msg>
		<src>Current Gain2</src>
		<tr>Current Gain2</tr>
	</Msg>
	<Msg>
		<src>Resistance(Ω)</src>
		<tr>Resistance(Ω)</tr>
	</Msg>
	<Msg>
		<src>Output Current(mA)</src>
		<tr>Output Current(mA)</tr>
	</Msg>
	<Msg>
		<src>With External Resistance</src>
		<tr>With External Resistance</tr>
	</Msg>
	<Msg>
		<src>Without External Resistance</src>
		<tr>Without External Resistance</tr>
	</Msg>
	<Msg>
		<src>External Resistance Set</src>
		<tr>External Resistance Set</tr>
	</Msg>
	<Msg>
		<src>Current Output Set</src>
		<tr>Current Output Set</tr>
	</Msg>
	<Msg>
		<src>Coupling Optimization 1</src>
		<tr>Coupling Optimization 1</tr>
	</Msg>	
	<Msg>
		<src>Coupling Optimization 2</src>
		<tr>Coupling Optimization 2</tr>
	</Msg>
</ChipTranslate>
