<?xml version="1.0" encoding="UTF-8"?>
<ChipTranslate>
	<Msg>
		<src>Extended attributes</src>
		<tr>扩展属性</tr>
	</Msg>
	<Msg>
		<src>Regular</src>
		<tr>常规模式</tr>
	</Msg>	
	<Msg>
		<src>Advanced</src>
		<tr>高级模式</tr>
	</Msg>		
	<Msg>
		<src>Property</src>
		<tr>属性</tr>
	</Msg>			
	<Msg>
		<src>Output Inflection</src>
		<tr>输出拐点电压</tr>
	</Msg>
	<Msg>
		<src>Current Output</src>
		<tr>电流输出范围</tr>
	</Msg>
	<Msg>
		<src>Low Gray Spot</src>
		<tr>低灰麻点优化</tr>
	</Msg>	
	<Msg>
		<src>Gamma Smoothing Level</src>
		<tr>Gamma平滑等级</tr>
	</Msg>
	<Msg>
		<src>Ghost Level</src>
		<tr>消隐等级</tr>
	</Msg>	
	<Msg>
		<src>Coupling</src>
		<tr>耦合优化</tr>
	</Msg>
	<Msg>
		<src>Coupling Level</src>
		<tr>耦合优化等级</tr>
	</Msg>
	<Msg>
		<src>Coupling Coefficient</src>
		<tr>耦合优化系数</tr>
	</Msg>
	<Msg>
		<src>Coupling Optimization</src>
		<tr>耦合优化1</tr>
	</Msg>	
	<Msg>
		<src>Ghost Moment</src>
		<tr>消隐时刻</tr>
	</Msg>
	<Msg>
		<src>Ghost Time</src>
		<tr>消隐时间</tr>
	</Msg>	
	<Msg>
		<src>Resistance</src>
		<tr>电阻</tr>
	</Msg>
	<Msg>
		<src>Enhanced Low Gray Display</src>
		<tr>低灰显示增强</tr>
	</Msg>	
	<Msg>
		<src>Black Screen Dynamic Energy Saving</src>
		<tr>黑屏节能模式</tr>
	</Msg>
	<Msg>
		<src>High Gray Independent Refresh</src>
		<tr>高灰数据独立刷新</tr>
	</Msg>
	<Msg>
		<src>Frequency Division Factor</src>
		<tr>分频系数</tr>
	</Msg>
	<Msg>
		<src>Number Of GCLKs Per Row</src>
		<tr>每行GCLKs数</tr>
	</Msg>	
	<Msg>
		<src>Edge Selection</src>
		<tr>单双沿选择</tr>
	</Msg>
	<Msg>
		<src>Wipe Off</src>
		<tr>去除坏点</tr>
	</Msg>	
	<Msg>
		<src>Enable</src>
		<tr>启用</tr>
	</Msg>
	<Msg>
		<src>Enhance</src>
		<tr>增强</tr>
	</Msg>	
	<Msg>
		<src>Effect First</src>
		<tr>效果优先</tr>
	</Msg>
	<Msg>
		<src>Low Power First</src>
		<tr>低功耗优先</tr>
	</Msg>
	<Msg>
		<src>Very Low Power First</src>
		<tr>极低功耗优先</tr>
	</Msg>
	<Msg>
		<src>Universal Syn</src>
		<tr>通用同步模式</tr>
	</Msg>	
	<Msg>
		<src>Synchronous</src>
		<tr>同步模式</tr>
	</Msg>
	<Msg>
		<src>Asynchronous</src>
		<tr>异步模式</tr>
	</Msg>
	<Msg>
		<src>High ash Low Gray</src>
		<tr>低灰高刷模式</tr>
	</Msg>	
	<Msg>
		<src>Single Edge</src>
		<tr>单沿</tr>
	</Msg>	
	<Msg>
		<src>Double Edge</src>
		<tr>双沿</tr>
	</Msg>		
	<Msg>
		<src>Current Gain</src>
		<tr>电流增益</tr>
	</Msg>	
	<Msg>
		<src>R</src>
		<tr>红</tr>
	</Msg>
	<Msg>
		<src>G</src>
		<tr>绿</tr>
	</Msg>
	<Msg>
		<src>B</src>
		<tr>蓝</tr>
	</Msg>
	<Msg>
		<src>Synchronize</src>
		<tr>同步</tr>
	</Msg>	
	<Msg>
		<src>Ok</src>
		<tr>确认</tr>
	</Msg>
	<Msg>
		<src>Defaults</src>
		<tr>默认值</tr>
	</Msg>
	<Msg>
		<src>Cancel</src>
		<tr>取消</tr>
	</Msg>
	<Msg>
		<src>Register Group</src>
		<tr>寄存器组</tr>
	</Msg>	
	<Msg>
		<src>High Byte(Hex)</src>
		<tr>高位(十六进制)</tr>
	</Msg>
	<Msg>
		<src>Low Byte(Hex)</src>
		<tr>低位(十六进制)</tr>
	</Msg>
	<Msg>
		<src>Red Chip</src>
		<tr>红色芯片</tr>
	</Msg>
	<Msg>
		<src>Green Chip</src>
		<tr>绿色芯片</tr>
	</Msg>
	<Msg>
		<src>Blue Chip</src>
		<tr>蓝色芯片</tr>
	</Msg>
	<Msg>
		<src>Adjust Current</src>
		<tr>调节电流</tr>
	</Msg>
	<Msg>
		<src>With/Without External Resistor</src>
		<tr>有无外置电阻</tr>
	</Msg>
	<Msg>
		<src>Current Gain2</src>
		<tr>电流增益2</tr>
	</Msg>
	<Msg>
		<src>Resistance(Ω)</src>
		<tr>电阻(Ω)</tr>
	</Msg>
	<Msg>
		<src>Output Current(mA)</src>
		<tr>电流(mA)</tr>
	</Msg>
	<Msg>
		<src>With External Resistance</src>
		<tr>有外置电阻</tr>
	</Msg>
	<Msg>
		<src>Without External Resistance</src>
		<tr>无外置电阻</tr>
	</Msg>
	<Msg>
		<src>External Resistance Set</src>
		<tr>外置电阻设置</tr>
	</Msg>
	<Msg>
		<src>Current Output Set</src>
		<tr>电流设置</tr>
	</Msg>
	<Msg>
		<src>Coupling Optimization 1</src>
		<tr>耦合优化1</tr>
	</Msg>	
	<Msg>
		<src>Coupling Optimization 2</src>
		<tr>耦合优化2</tr>
	</Msg>
</ChipTranslate>
