<?xml version='1.0' encoding='UTF-8'?>
<ChipTranslate>
    <Msg>
        <src>Extended attributes</src>
        <tr>Kiterjesztett attribútumok</tr>
    </Msg>
    <Msg>
        <src>Regular</src>
        <tr>Rendszeres</tr>
    </Msg>
    <Msg>
        <src>Advanced</src>
        <tr>Haladó</tr>
    </Msg>
    <Msg>
        <src>Property</src>
        <tr>Tulajdonság</tr>
    </Msg>
    <Msg>
        <src>Output Inflection</src>
        <tr>Kimeneti töréspont</tr>
    </Msg>
    <Msg>
        <src>Current Output</src>
        <tr>Jelenlegi kimenet</tr>
    </Msg>
    <Msg>
        <src>Low Gray Spot</src>
        <tr>Alacsony szürke folt</tr>
    </Msg>
    <Msg>
        <src>Gamma Smoothing Level</src>
        <tr>Gamma simítás szintje</tr>
    </Msg>
    <Msg>
        <src>Ghost Level</src>
        <tr>Szellem szintje</tr>
    </Msg>
    <Msg>
        <src>Coupling</src>
        <tr>Kapcsolat</tr>
    </Msg>
    <Msg>
        <src>Coupling Level</src>
        <tr>Kapcsolat szint</tr>
    </Msg>
    <Msg>
        <src>Coupling Coefficient</src>
        <tr>Kapcsolat együttható</tr>
    </Msg>
    <Msg>
        <src>Coupling Optimization</src>
        <tr>Kapcsolat optimalizálás</tr>
    </Msg>
    <Msg>
        <src>Ghost Moment</src>
        <tr>Szellem pillanat</tr>
    </Msg>
    <Msg>
        <src>Ghost Time</src>
        <tr>Szellem idő</tr>
    </Msg>
    <Msg>
        <src>Resistance</src>
        <tr>Ellenállás</tr>
    </Msg>
    <Msg>
        <src>Enhanced Low Gray Display</src>
        <tr>Javított alacsony szürke kijelzés</tr>
    </Msg>
    <Msg>
        <src>Black Screen Dynamic Energy Saving</src>
        <tr>Fekete képernyő dinamikus energiatakarékosság</tr>
    </Msg>
    <Msg>
        <src>High Gray Independent Refresh</src>
        <tr>Magas szürke független frissítés</tr>
    </Msg>
    <Msg>
        <src>Frequency Division Factor</src>
        <tr>Frekvenciaosztó tényező</tr>
    </Msg>
    <Msg>
        <src>Number Of GCLKs Per Row</src>
        <tr>GCLK-k száma soronként</tr>
    </Msg>
    <Msg>
        <src>Edge Selection</src>
        <tr>Élválasztás</tr>
    </Msg>
    <Msg>
        <src>Wipe Off</src>
        <tr>Törlés</tr>
    </Msg>
    <Msg>
        <src>Enable</src>
        <tr>Engedélyezés</tr>
    </Msg>
    <Msg>
        <src>Enhance</src>
        <tr>Erősítés</tr>
    </Msg>
    <Msg>
        <src>Effect First</src>
        <tr>Első hatás</tr>
    </Msg>
    <Msg>
        <src>Low Power First</src>
        <tr>Első alacsony teljesítmény</tr>
    </Msg>
    <Msg>
        <src>Very Low Power First</src>
        <tr>Nagyon alacsony teljesítmény először</tr>
    </Msg>
    <Msg>
        <src>Universal Syn</src>
        <tr>Univerzális Syn</tr>
    </Msg>
    <Msg>
        <src>Synchronous</src>
        <tr>Szinkron</tr>
    </Msg>
    <Msg>
        <src>Asynchronous</src>
        <tr>Aszinkron</tr>
    </Msg>
    <Msg>
        <src>High ash Low Gray</src>
        <tr>Magas hamu alacsony szürke</tr>
    </Msg>
    <Msg>
        <src>Single Edge</src>
        <tr>Egyélű</tr>
    </Msg>
    <Msg>
        <src>Double Edge</src>
        <tr>Dupla él</tr>
    </Msg>
    <Msg>
        <src>Current Gain</src>
        <tr>Jelenlegi nyereség</tr>
    </Msg>
    <Msg>
        <src>R</src>
        <tr>R</tr>
    </Msg>
    <Msg>
        <src>G</src>
        <tr>G</tr>
    </Msg>
    <Msg>
        <src>B</src>
        <tr>B</tr>
    </Msg>
    <Msg>
        <src>Synchronize</src>
        <tr>Szinkronizálás</tr>
    </Msg>
    <Msg>
        <src>Ok</src>
        <tr>Ok</tr>
    </Msg>
    <Msg>
        <src>Defaults</src>
        <tr>Alapértelmezések</tr>
    </Msg>
    <Msg>
        <src>Cancel</src>
        <tr>Mégse</tr>
    </Msg>
    <Msg>
        <src>Register Group</src>
        <tr>Regiszter csoport</tr>
    </Msg>
    <Msg>
        <src>High Byte(Hex)</src>
        <tr>Magas bájt (Hex)</tr>
    </Msg>
    <Msg>
        <src>Low Byte(Hex)</src>
        <tr>Alacsony bájt (Hex)</tr>
    </Msg>
    <Msg>
        <src>Red Chip</src>
        <tr>Piros chip</tr>
    </Msg>
    <Msg>
        <src>Green Chip</src>
        <tr>Zöld chip</tr>
    </Msg>
    <Msg>
        <src>Blue Chip</src>
        <tr>Kék chip</tr>
    </Msg>
    <Msg>
        <src>Adjust Current</src>
        <tr>Áram beállítása</tr>
    </Msg>
    <Msg>
        <src>With/Without External Resistor</src>
        <tr>Külső ellenállással/nélkül</tr>
    </Msg>
    <Msg>
        <src>Current Gain2</src>
        <tr>Jelenlegi nyereség2</tr>
    </Msg>
    <Msg>
        <src>Resistance(Ω)</src>
        <tr>Ellenállás (Ω)</tr>
    </Msg>
    <Msg>
        <src>Output Current(mA)</src>
        <tr>Kimeneti áram (mA)</tr>
    </Msg>
    <Msg>
        <src>With External Resistance</src>
        <tr>Külső ellenállással</tr>
    </Msg>
    <Msg>
        <src>Without External Resistance</src>
        <tr>Külső ellenállás nélkül</tr>
    </Msg>
    <Msg>
        <src>External Resistance Set</src>
        <tr>Külső ellenállás beállítása</tr>
    </Msg>
    <Msg>
        <src>Current Output Set</src>
        <tr>Jelenlegi kimenet beállítása</tr>
    </Msg>
    <Msg>
        <src>Coupling Optimization 1</src>
        <tr>Kapcsolat optimalizálás 1</tr>
    </Msg>
    <Msg>
        <src>Coupling Optimization 2</src>
        <tr>Kapcsolat optimalizálás 2</tr>
    </Msg>
</ChipTranslate>
