<?xml version='1.0' encoding='UTF-8'?>
<ChipTranslate>
    <Msg>
        <src>UniversalSyn mode</src>
        <tr>Univerzális Syn mód</tr>
    </Msg>
    <Msg>
        <src>Current gain</src>
        <tr>Jelenlegi nyereség</tr>
    </Msg>
    <Msg>
        <src>Enable</src>
        <tr>Engedélyezés</tr>
    </Msg>
    <Msg>
        <src>Synchronize</src>
        <tr>Szinkronizálás</tr>
    </Msg>
    <Msg>
        <src>Ghost level</src>
        <tr>Szellem szintje</tr>
    </Msg>
    <Msg>
        <src>Ghost time</src>
        <tr>Szellem idő</tr>
    </Msg>
    <Msg>
        <src>Remove Dead Pixels</src>
        <tr>Halott pixelek eltávolítása</tr>
    </Msg>
    <Msg>
        <src>Low gravscale color cast</src>
        <tr>Alacsony szürke skála színárnyalat</tr>
    </Msg>
    <Msg>
        <src>Current check up</src>
        <tr>Jelenlegi ellenőrzés</tr>
    </Msg>
    <Msg>
        <src>First scan dark</src>
        <tr>Első szkennelés sötét</tr>
    </Msg>
    <Msg>
        <src>Low grayscale uniformity</src>
        <tr>Alacsony szürkeárnyalatos egyenletesség</tr>
    </Msg>
    <Msg>
        <src>First scan dark time</src>
        <tr>Első szkennelés sötét idő</tr>
    </Msg>
    <Msg>
        <src>Regular</src>
        <tr>Rendszeres</tr>
    </Msg>
    <Msg>
        <src>Coupling adjustment</src>
        <tr>Kapcsolat beállítás</tr>
    </Msg>
    <Msg>
        <src>Coupling1</src>
        <tr>Kapcsolat1</tr>
    </Msg>
    <Msg>
        <src>Coupling2</src>
        <tr>Kapcsolat2</tr>
    </Msg>
    <Msg>
        <src>Enable slowly</src>
        <tr>Lassan engedélyezés</tr>
    </Msg>
    <Msg>
        <src>Knee voltage</src>
        <tr>Térd feszültség</tr>
    </Msg>
    <Msg>
        <src>Show mode</src>
        <tr>Megjelenítési mód</tr>
    </Msg>
    <Msg>
        <src>Energy saving mode</src>
        <tr>Energiatakarékos mód</tr>
    </Msg>
    <Msg>
        <src>Gradient optimization</src>
        <tr>Gradiens optimalizálás</tr>
    </Msg>
    <Msg>
        <src>Frame Synchronization Mode</src>
        <tr>Keret szinkronizációs mód</tr>
    </Msg>
    <Msg>
        <src>Effect first</src>
        <tr>Első hatás</tr>
    </Msg>
    <Msg>
        <src>Performance first</src>
        <tr>Teljesítmény először</tr>
    </Msg>
    <Msg>
        <src>Power-saving first</src>
        <tr>Energiatakarékos először</tr>
    </Msg>
    <Msg>
        <src>Refresh group number</src>
        <tr>Frissítési csoportszám</tr>
    </Msg>
    <Msg>
        <src>Number of DCLK</src>
        <tr>DCLK száma</tr>
    </Msg>
    <Msg>
        <src>Fine-tuning</src>
        <tr>Finomhangolás</tr>
    </Msg>
    <Msg>
        <src>Darker compensation of first scan</src>
        <tr>Első szkennelés sötétebb kompenzációja</tr>
    </Msg>
    <Msg>
        <src>Enhance low-grayscale uniformity</src>
        <tr>Alacsony szürke egyenletesség javítása</tr>
    </Msg>
    <Msg>
        <src>The ghost to eliminate level</src>
        <tr>A szellem eltávolítási szintje</tr>
    </Msg>
    <Msg>
        <src>Eliminate text ghosting</src>
        <tr>Szöveg szellemkép eltávolítása</tr>
    </Msg>
    <Msg>
        <src>Low-grayscale and color cast compensation</src>
        <tr>Alacsony szürkeárnyalatos és színárnyalat kompenzáció</tr>
    </Msg>
    <Msg>
        <src>Low-grayscale and color cast compensation </src>
        <tr>Alacsony szürkeárnyalatos és színárnyalat kompenzáció</tr>
    </Msg>
    <Msg>
        <src>Cross-board coupling optimization</src>
        <tr>Kereszt-tábla kapcsolat optimalizálás</tr>
    </Msg>
    <Msg>
        <src>Open circuit detection</src>
        <tr>Nyitott áramkör érzékelés</tr>
    </Msg>
    <Msg>
        <src>R</src>
        <tr>R</tr>
    </Msg>
    <Msg>
        <src>G</src>
        <tr>G</tr>
    </Msg>
    <Msg>
        <src>B</src>
        <tr>B</tr>
    </Msg>
    <Msg>
        <src>OK</src>
        <tr>OK</tr>
    </Msg>
    <Msg>
        <src>Defaults</src>
        <tr>Alapértelmezések</tr>
    </Msg>
    <Msg>
        <src>Close</src>
        <tr>Bezárás</tr>
    </Msg>
    <Msg>
        <src>Open</src>
        <tr>Megnyitás</tr>
    </Msg>
    <Msg>
        <src>Enhance</src>
        <tr>Erősítés</tr>
    </Msg>
    <Msg>
        <src>Advanced</src>
        <tr>Haladó</tr>
    </Msg>
    <Msg>
        <src>Cancel</src>
        <tr>Mégse</tr>
    </Msg>
    <Msg>
        <src>Extended attributes</src>
        <tr>Kiterjesztett attribútumok</tr>
    </Msg>
    <Msg>
        <src>Register group</src>
        <tr>Regiszter csoport</tr>
    </Msg>
    <Msg>
        <src>Register group 1</src>
        <tr>Regiszter csoport 1</tr>
    </Msg>
    <Msg>
        <src>Register group 2</src>
        <tr>Regiszter csoport 2</tr>
    </Msg>
    <Msg>
        <src>Register group 3</src>
        <tr>Regiszter csoport 3</tr>
    </Msg>
    <Msg>
        <src>Register group 4</src>
        <tr>Regiszter csoport 4</tr>
    </Msg>
    <Msg>
        <src>High byte(Hex)</src>
        <tr>Magas bájt (Hex)</tr>
    </Msg>
    <Msg>
        <src>Low byte(hex)</src>
        <tr>Alacsony bájt (hex)</tr>
    </Msg>
    <Msg>
        <src>Red chip</src>
        <tr>Piros chip</tr>
    </Msg>
    <Msg>
        <src>Green chip</src>
        <tr>Zöld chip</tr>
    </Msg>
    <Msg>
        <src>Blue chip</src>
        <tr>Kék chip</tr>
    </Msg>
    <Msg>
        <src>Output inflection</src>
        <tr>Kimeneti töréspont</tr>
    </Msg>
    <Msg>
        <src>Current output</src>
        <tr>Jelenlegi kimenet</tr>
    </Msg>
    <Msg>
        <src>Low gray Spot</src>
        <tr>Alacsony szürke folt</tr>
    </Msg>
    <Msg>
        <src>Gamma smoothing  level</src>
        <tr>Gamma simítás szintje</tr>
    </Msg>
    <Msg>
        <src>Coupling</src>
        <tr>Kapcsolat</tr>
    </Msg>
    <Msg>
        <src>Coupling level</src>
        <tr>Kapcsolat szint</tr>
    </Msg>
    <Msg>
        <src>Coupling coefficient</src>
        <tr>Kapcsolat együttható</tr>
    </Msg>
    <Msg>
        <src>Coupling optimization</src>
        <tr>Kapcsolat optimalizálás</tr>
    </Msg>
    <Msg>
        <src>Ghost moment</src>
        <tr>Szellem pillanat</tr>
    </Msg>
    <Msg>
        <src>Enhanced low gray Display</src>
        <tr>Javított alacsony szürke kijelzés</tr>
    </Msg>
    <Msg>
        <src>Black screen dynamic energy saving</src>
        <tr>Fekete képernyő dinamikus energiatakarékosság</tr>
    </Msg>
    <Msg>
        <src>High gray independent refresh</src>
        <tr>Magas szürke független frissítés</tr>
    </Msg>
    <Msg>
        <src>Frequency division factor</src>
        <tr>Frekvenciaosztó tényező</tr>
    </Msg>
    <Msg>
        <src>Number of GCLKs per row</src>
        <tr>GCLK-k száma soronként</tr>
    </Msg>
    <Msg>
        <src>Effect first</src>
        <tr>Első hatás</tr>
    </Msg>
    <Msg>
        <src>Low power first</src>
        <tr>Első alacsony teljesítmény</tr>
    </Msg>
    <Msg>
        <src>Very low power first</src>
        <tr>Nagyon alacsony teljesítmény először</tr>
    </Msg>
    <Msg>
        <src>Synchronous mode</src>
        <tr>Szinkron mód</tr>
    </Msg>
    <Msg>
        <src>Asynchronous mode</src>
        <tr>Aszinkron mód</tr>
    </Msg>
    <Msg>
        <src>Wipe off</src>
        <tr>Törlés</tr>
    </Msg>
    <Msg>
        <src>Dialog</src>
        <tr>Párbeszédablak</tr>
    </Msg>
</ChipTranslate>
