<?xml version="1.0" encoding="UTF-8"?>
<ChipTranslate>
	<Msg>
		<src>Sync</src>
		<tr>同步</tr>
	</Msg>
	<Msg>
		<src>Equivalent GCLK Multiplier</src>
		<tr>等效GCLK倍頻</tr>
	</Msg>
	<Msg>
		<src>Low gray optimize</src>
		<tr>低灰優化</tr>
	</Msg>
	<Msg>
		<src>Quickly open</src>
		<tr>快速開啟</tr>
	</Msg>
	<Msg>
		<src>Gamma Smoothing(Low gray)</src>
		<tr>Gamma平滑(低灰)</tr>
	</Msg>
	<Msg>
		<src>Gamma Smoothing(Jump hash opt.)</src>
		<tr>Gamma平滑(跳灰優化)</tr>
	</Msg>
	<Msg>
		<src>Extended attributes</src>
		<tr>擴展屬性</tr>
	</Msg>
	<Msg>
		<src>Regular</src>
		<tr>常規模式</tr>
	</Msg>	
	<Msg>
		<src>Advanced</src>
		<tr>高級模式</tr>
	</Msg>		
	<Msg>
		<src>Property</src>
		<tr>屬性</tr>
	</Msg>			
	<Msg>
		<src>Output Inflection</src>
		<tr>輸出拐點電壓</tr>
	</Msg>
	<Msg>
		<src>Current Output</src>
		<tr>電流輸出范圍</tr>
	</Msg>
	<Msg>
		<src>Low Gray Spot</src>
		<tr>低灰麻點優化</tr>
	</Msg>	
	<Msg>
		<src>Gamma Smoothing Level</src>
		<tr>Gamma平滑等級</tr>
	</Msg>
	<Msg>
		<src>Ghost Level</src>
		<tr>消隱等級</tr>
	</Msg>	
	<Msg>
		<src>Coupling</src>
		<tr>耦合優化</tr>
	</Msg>
	<Msg>
		<src>Coupling Level</src>
		<tr>耦合優化等级</tr>
	</Msg>
	<Msg>
		<src>Coupling Coefficient</src>
		<tr>耦合優化系数</tr>
	</Msg>
	<Msg>
		<src>Coupling Optimization</src>
		<tr>耦合優化1</tr>
	</Msg>	
	<Msg>
		<src>Ghost Moment</src>
		<tr>消隱時刻</tr>
	</Msg>
	<Msg>
		<src>Ghost Time</src>
		<tr>消隱時間</tr>
	</Msg>	
	<Msg>
		<src>Resistance</src>
		<tr>電阻</tr>
	</Msg>
	<Msg>
		<src>Enhanced Low Gray Display</src>
		<tr>低灰顯示增強</tr>
	</Msg>	
	<Msg>
		<src>Black Screen Dynamic Energy Saving</src>
		<tr>黑屏節能模式</tr>
	</Msg>
	<Msg>
		<src>High Gray Independent Refresh</src>
		<tr>高灰數據獨立刷新</tr>
	</Msg>
	<Msg>
		<src>Frequency Division Factor</src>
		<tr>分頻係數</tr>
	</Msg>
	<Msg>
		<src>Number Of GCLKs Per Row</src>
		<tr>每行GCLKs數</tr>
	</Msg>	
	<Msg>
		<src>Edge Selection</src>
		<tr>單雙沿選擇</tr>
	</Msg>
	<Msg>
		<src>Wipe Off</src>
		<tr>去除壞點</tr>
	</Msg>	
	<Msg>
		<src>Enable</src>
		<tr>啟用</tr>
	</Msg>
	<Msg>
		<src>Enhance</src>
		<tr>增強</tr>
	</Msg>	
	<Msg>
		<src>Effect First</src>
		<tr>效果優先</tr>
	</Msg>
	<Msg>
		<src>Low Power First</src>
		<tr>低功耗優先</tr>
	</Msg>
	<Msg>
		<src>Very Low Power First</src>
		<tr>極低功耗優先</tr>
	</Msg>
	<Msg>
		<src>Universal Syn</src>
		<tr>通用同步模式</tr>
	</Msg>	
	<Msg>
		<src>Synchronous</src>
		<tr>同步模式</tr>
	</Msg>
	<Msg>
		<src>Asynchronous</src>
		<tr>异步模式</tr>
	</Msg>
	<Msg>
		<src>High ash Low Gray</src>
		<tr>低灰高刷模式</tr>
	</Msg>	
	<Msg>
		<src>Single Edge</src>
		<tr>單沿</tr>
	</Msg>	
	<Msg>
		<src>Double Edge</src>
		<tr>雙沿</tr>
	</Msg>		
	<Msg>
		<src>Current Gain</src>
		<tr>電流增益</tr>
	</Msg>	
	<Msg>
		<src>R</src>
		<tr>紅</tr>
	</Msg>
	<Msg>
		<src>G</src>
		<tr>綠</tr>
	</Msg>
	<Msg>
		<src>B</src>
		<tr>藍</tr>
	</Msg>
	<Msg>
		<src>Synchronize</src>
		<tr>同步</tr>
	</Msg>	
	<Msg>
		<src>Ok</src>
		<tr>確定</tr>
	</Msg>
	<Msg>
		<src>Defaults</src>
		<tr>默認值</tr>
	</Msg>
	<Msg>
		<src>Cancel</src>
		<tr>取消</tr>
	</Msg>
	<Msg>
		<src>Register Group</src>
		<tr>寄存器組</tr>
	</Msg>	
	<Msg>
		<src>High Byte(Hex)</src>
		<tr>高位(十六進制)</tr>
	</Msg>
	<Msg>
		<src>Low Byte(Hex)</src>
		<tr>低位(十六進制)</tr>
	</Msg>
	<Msg>
		<src>Red Chip</src>
		<tr>紅色芯片</tr>
	</Msg>
	<Msg>
		<src>Green Chip</src>
		<tr>綠色芯片</tr>
	</Msg>
	<Msg>
		<src>Blue Chip</src>
		<tr>蓝色芯片</tr>
	</Msg>
	<Msg>
		<src>Adjust Current</src>
		<tr>調節電流</tr>
	</Msg>
	<Msg>
		<src>With/Without External Resistor</src>
		<tr>有無外置電阻</tr>
	</Msg>
	<Msg>
		<src>Current Gain2</src>
		<tr>電流增益2</tr>
	</Msg>
	<Msg>
		<src>Resistance(Ω)</src>
		<tr>電阻(Ω)</tr>
	</Msg>
	<Msg>
		<src>Output Current(mA)</src>
		<tr>電流(mA)</tr>
	</Msg>
	<Msg>
		<src>With External Resistance</src>
		<tr>有外置電阻</tr>
	</Msg>
	<Msg>
		<src>Without External Resistance</src>
		<tr>無外置電阻</tr>
	</Msg>
	<Msg>
		<src>External Resistance Set</src>
		<tr>外置電阻設置</tr>
	</Msg>
	<Msg>
		<src>Current Output Set</src>
		<tr>電流設置</tr>
	</Msg>
	<Msg>
		<src>Coupling Optimization 1</src>
		<tr>耦合優化1</tr>
	</Msg>	
	<Msg>
		<src>Coupling Optimization 2</src>
		<tr>耦合優化2</tr>
	</Msg>
</ChipTranslate>
