<?xml version="1.0" encoding="UTF-8"?>
<ChipTranslate>
	<Msg>
		<src>Current gain</src>
		<tr>電流增益</tr>
	</Msg>
	<Msg>
		<src>Enable</src>
		<tr>啟用</tr>
	</Msg>
	<Msg>
		<src>Synchronize</src>
		<tr>同步</tr>
	</Msg>
	<Msg>
		<src>Ghost level</src>
		<tr>消隱藏等級</tr>
	</Msg>
	<Msg>
		<src>Ghost time</src>
		<tr>消隱時間</tr>
	</Msg>
	<Msg>
		<src>Remove Dead Pixels</src>
		<tr>去除壞點</tr>
	</Msg>
	<Msg>
		<src>Low grayscale uniformity</src>
		<tr>低灰均勻性</tr>
	</Msg>
	<Msg>
		<src>Regular</src>
		<tr>常規模式</tr>
	</Msg>
	<Msg>
		<src>Close</src>
		<tr>關閉</tr>
	</Msg>
	<Msg>
		<src>Open</src>
		<tr>打開</tr>
	</Msg>
	<Msg>
		<src>Current check up</src>
		<tr>電流校驗</tr>
	</Msg>
	<Msg>
		<src>Low gravscale color cast</src>
		<tr>低灰偏色補償</tr>
	</Msg>
	<Msg>
		<src>First scan dark</src>
		<tr>第一掃偏暗補償</tr>
	</Msg>
	<Msg>
		<src>First scan dark time</src>
		<tr>第一掃偏暗補償時間</tr>
	</Msg>
	<Msg>
		<src>Coupling adjustment</src>
		<tr>耦合調節</tr>
	</Msg>
	<Msg>
		<src>Coupling1</src>
		<tr>耦合優化1</tr>
	</Msg>
	<Msg>
		<src>Coupling2</src>
		<tr>耦合優化2</tr>
	</Msg>
	<Msg>
		<src>Enable slowly</src>
		<tr>慢速開啟</tr>
	</Msg>
	<Msg>
		<src>Knee voltage</src>
		<tr>拐點電壓</tr>
	</Msg>
	<Msg>
		<src>Show mode</src>
		<tr>顯示模式</tr>
	</Msg>
	<Msg>
		<src>Energy saving mode</src>
		<tr>節能模式</tr>
	</Msg>
	<Msg>
		<src>Gradient optimization</src>
		<tr>漸變優化</tr>
	</Msg>
	<Msg>
		<src>Frame Synchronization Mode</src>
		<tr>幀同步模式</tr>
	</Msg>
	<Msg>
		<src>Effect first</src>
		<tr>效率優先</tr>
	</Msg>
	<Msg>
		<src>Performance first</src>
		<tr>性能優先</tr>
	</Msg>
	<Msg>
		<src>Power-saving first</src>
		<tr>節能優先</tr>
	</Msg>
	<Msg>
		<src>Refresh group number</src>
		<tr>刷新分組數</tr>
	</Msg>
	<Msg>
		<src>Number of DCLK</src>
		<tr>每行DCLK個數</tr>
	</Msg>
	<Msg>
		<src>Fine-tuning</src>
		<tr>微調</tr>
	</Msg>
	<Msg>
		<src>Darker compensation of first scan</src>
		<tr>第一掃偏暗補償</tr>
	</Msg>
	<Msg>
		<src>Enhance low-grayscale uniformity</src>
		<tr>低灰均勻性提升</tr>
	</Msg>
	<Msg>
		<src>The ghost to eliminate level</src>
		<tr>下鬼影消除等級</tr>
	</Msg>
	<Msg>
		<src>Eliminate text ghosting</src>
		<tr>消除鬼影文字</tr>
	</Msg>
	<Msg>
		<src>Low-grayscale and color cast compensation </src>
		<tr>低灰偏色補償</tr>
	</Msg>
	<Msg>
		<src>Cross-board coupling optimization</src>
		<tr>跨版耦合優化</tr>
	</Msg>
	<Msg>
		<src>Open circuit detection</src>
		<tr>對應開路檢測</tr>
	</Msg>
	<Msg>
		<src>R</src>
		<tr>紅</tr>
	</Msg>
	<Msg>
		<src>G</src>
		<tr>綠</tr>
	</Msg>
	<Msg>
		<src>B</src>
		<tr>藍</tr>
	</Msg>
	<Msg>
		<src>OK</src>
		<tr>確認</tr>
	</Msg>
	<Msg>
		<src>Defaults</src>
		<tr>默認值</tr>
	</Msg>
	<Msg>
		<src>Enhance</src>
		<tr>增強</tr>
	</Msg>
	<Msg>
		<src>Advanced</src>
		<tr>高級模式</tr>
	</Msg>
	<Msg>
		<src>Cancel</src>
		<tr>取消</tr>
	</Msg>
	<Msg>
		<src>Extended attributes</src>
		<tr>擴展屬性</tr>
	</Msg>
	<Msg>
		<src>Register group</src>
		<tr>寄存器組</tr>
	</Msg>
	<Msg>
		<src>Register group 1</src>
		<tr>寄存器组1</tr>
	</Msg>
	<Msg>
		<src>Register group 2</src>
		<tr>寄存器组2</tr>
	</Msg>
	<Msg>
		<src>Register group 3</src>
		<tr>寄存器组3</tr>
	</Msg>
	<Msg>
		<src>Register group 4</src>
		<tr>寄存器组4</tr>
	</Msg>
	<Msg>
		<src>High byte(Hex)</src>
		<tr>高位(十六進制)</tr>
	</Msg>
	<Msg>
		<src>Low byte(hex)</src>
		<tr>低位(十六進制)</tr>
	</Msg>
	<Msg>
		<src>Red chip</src>
		<tr>紅色芯片</tr>
	</Msg>
	<Msg>
		<src>Green chip</src>
		<tr>綠色芯片</tr>
	</Msg>
	<Msg>
		<src>Blue chip</src>
		<tr>藍色芯片</tr>
	</Msg>
		<Msg>
		<src>Output inflection</src>
		<tr>輸出拐點電壓</tr>
	</Msg>
	<Msg>
		<src>Current output</src>
		<tr>電流輸出范圍</tr>
	</Msg>
	<Msg>
		<src>Low gray Spot</src>
		<tr>低灰麻點優化</tr>
	</Msg>
	<Msg>
		<src>Gamma smoothing  level</src>
		<tr>Gamma平滑等級</tr>
	</Msg>
	<Msg>
		<src>Coupling</src>
		<tr>耦合優化</tr>
	</Msg>
	<Msg>
		<src>Coupling level</src>
		<tr>耦合優化等級</tr>
	</Msg>
	<Msg>
		<src>Coupling coefficient</src>
		<tr>耦合優化係數</tr>
	</Msg>
	<Msg>
		<src>Coupling optimization</src>
		<tr>耦合優化1</tr>
	</Msg>
	<Msg>
		<src>Ghost moment</src>
		<tr>消隱時刻</tr>
	</Msg>
	<Msg>
		<src>Enhanced low gray Display</src>
		<tr>低灰顯示增強</tr>
	</Msg>
	<Msg>
		<src>Black screen dynamic energy saving</src>
		<tr>黑屏節能模式</tr>
	</Msg>
	<Msg>
		<src>High gray independent refresh</src>
		<tr>高輝數據獨立刷新</tr>
	</Msg>
	<Msg>
		<src>Frequency division factor</src>
		<tr>分頻係數</tr>
	</Msg>
	<Msg>
		<src>Number of GCLKs per row</src>
		<tr>每行GCLKs數</tr>
	</Msg>
	<Msg>
		<src>Effect first</src>
		<tr>效果優先</tr>
	</Msg>
	<Msg>
		<src>Low power first</src>
		<tr>低功耗優先</tr>
	</Msg>
	<Msg>
		<src>Very low power first</src>
		<tr>極低功耗優先</tr>
	</Msg>
	<Msg>
		<src>Synchronous mode</src>
		<tr>同步模式</tr>
	</Msg>
	<Msg>
		<src>Asynchronous mode</src>
		<tr>異步模式</tr>
	</Msg>
	<Msg>
		<src>Wipe off</src>
		<tr>啟用去壞點</tr>
	</Msg>
	<Msg>
		<src>Dialog</src>
		<tr>擴展屬性</tr>
	</Msg>
	<Msg>
		<src>Current drift compensation:</src>
		<tr>電流漂移補償</tr>
	</Msg>
	<Msg>
		<src>Signal compensation:</src>
		<tr>並聯IC數</tr>
	</Msg>
	<Msg>
		<src>Parallel IC number:</src>
		<tr>信號解碼補償</tr>
	</Msg>
</ChipTranslate>
