<?xml version="1.0" encoding="UTF-8"?>
<ChipTranslate>
	<Msg>
		<src>Current gain</src>
		<tr>电流增益</tr>
	</Msg>
	<Msg>
		<src>Enable</src>
		<tr>启用</tr>
	</Msg>
	<Msg>
		<src>Synchronize</src>
		<tr>同步</tr>
	</Msg>
	<Msg>
		<src>Ghost level</src>
		<tr>消隐等级</tr>
	</Msg>
	<Msg>
		<src>Ghost time</src>
		<tr>消隐时间</tr>
	</Msg>
	<Msg>
		<src>Remove Dead Pixels</src>
		<tr>去除坏点</tr>
	</Msg>
	<Msg>
		<src>Low gravscale color cast</src>
		<tr>低灰偏色补偿</tr>
	</Msg>
	<Msg>
		<src>Current check up</src>
		<tr>电流校验</tr>
	</Msg>
	<Msg>
		<src>First scan dark</src>
		<tr>第一扫偏暗补偿</tr>
	</Msg>	
	<Msg>
		<src>Low grayscale uniformity</src>
		<tr>低灰均匀性</tr>
	</Msg>
	<Msg>
		<src>First scan dark time</src>
		<tr>第一扫偏暗补偿时间</tr>
	</Msg>
	<Msg>
		<src>Regular</src>
		<tr>常规模式</tr>
	</Msg>
	<Msg>
		<src>Coupling adjustment</src>
		<tr>耦合调节</tr>
	</Msg>
	<Msg>
		<src>Coupling1</src>
		<tr>耦合优化1</tr>
	</Msg>
	<Msg>
		<src>Coupling2</src>
		<tr>耦合优化2</tr>
	</Msg>
	<Msg>
		<src>Enable slowly</src>
		<tr>慢速开启</tr>
	</Msg>
	<Msg>
		<src>Knee voltage</src>
		<tr>拐点电压</tr>
	</Msg>
	<Msg>
		<src>Show mode</src>
		<tr>显示模式</tr>
	</Msg>
	<Msg>
		<src>Energy saving mode</src>
		<tr>节能模式</tr>
	</Msg>
	<Msg>
		<src>Gradient optimization</src>
		<tr>渐变优化</tr>
	</Msg>
	<Msg>
		<src>Frame Synchronization Mode</src>
		<tr>帧同步模式</tr>
	</Msg>
	<Msg>
		<src>Effect first</src>
		<tr>效率优先</tr>
	</Msg>
	<Msg>
		<src>Performance first</src>
		<tr>性能优先</tr>
	</Msg>
	<Msg>
		<src>Power-saving first</src>
		<tr>节能优先</tr>
	</Msg>
	<Msg>
		<src>Refresh group number</src>
		<tr>刷新分组数</tr>
	</Msg>
	<Msg>
		<src>Number of DCLK</src>
		<tr>每行DLCK个数</tr>
	</Msg>
	<Msg>
		<src>Fine-tuning</src>
		<tr>微调</tr>
	</Msg>
	<Msg>
		<src>Darker compensation of first scan</src>
		<tr>第一扫偏暗补偿</tr>
	</Msg>
	<Msg>
		<src>Enhance low-grayscale uniformity</src>
		<tr>低灰均匀性提升</tr>
	</Msg>
	<Msg>
		<src>The ghost to eliminate level</src>
		<tr>下鬼影消除等级</tr>
	</Msg>
	<Msg>
		<src>Eliminate text ghosting</src>
		<tr>消除文字鬼影</tr>
	</Msg>
	<Msg>
		<src>Low-grayscale and color cast compensation</src>
		<tr>低灰偏色补偿</tr>
	</Msg>
	<Msg>
		<src>Low-grayscale and color cast compensation </src>
		<tr>低灰偏色补偿</tr>
	</Msg>
	<Msg>
		<src>Cross-board coupling optimization</src>
		<tr>跨版耦合优化</tr>
	</Msg>
	<Msg>
		<src>Open circuit detection</src>
		<tr>对应开路检测</tr>
	</Msg>
	<Msg>
		<src>R</src>
		<tr>红</tr>
	</Msg>
	<Msg>
		<src>G</src>
		<tr>绿</tr>
	</Msg>
	<Msg>
		<src>B</src>
		<tr>蓝</tr>
	</Msg>
	<Msg>
		<src>OK</src>
		<tr>确认</tr>
	</Msg>
	<Msg>
		<src>Defaults</src>
		<tr>默认值</tr>
	</Msg>
	<Msg>
		<src>Close</src>
		<tr>关闭</tr>
	</Msg>
	<Msg>
		<src>Open</src>
		<tr>打开</tr>
	</Msg>
	<Msg>
		<src>Enhance</src>
		<tr>增强</tr>
	</Msg>
	<Msg>
		<src>Advanced</src>
		<tr>高级模式</tr>
	</Msg>
	<Msg>
		<src>Cancel</src>
		<tr>取消</tr>
	</Msg>
	<Msg>
		<src>Extended attributes</src>
		<tr>扩展属性</tr>
	</Msg>
	<Msg>
		<src>Register group</src>
		<tr>寄存器组</tr>
	</Msg>	
	<Msg>
		<src>Register group 1</src>
		<tr>寄存器组1</tr>
	</Msg>
	<Msg>
		<src>Register group 2</src>
		<tr>寄存器组2</tr>
	</Msg>
	<Msg>
		<src>Register group 3</src>
		<tr>寄存器组3</tr>
	</Msg>
	<Msg>
		<src>Register group 4</src>
		<tr>寄存器组4</tr>
	</Msg>
	<Msg>
		<src>High byte(Hex)</src>
		<tr>高位(十六进制)</tr>
	</Msg>
	<Msg>
		<src>Low byte(hex)</src>
		<tr>低位(十六进制)</tr>
	</Msg>
	<Msg>
		<src>Red chip</src>
		<tr>红色芯片</tr>
	</Msg>
	<Msg>
		<src>Green chip</src>
		<tr>绿色芯片</tr>
	</Msg>
	<Msg>
		<src>Blue chip</src>
		<tr>蓝色芯片</tr>
	</Msg>
	<Msg>
		<src>Output inflection</src>
		<tr>输出拐点电压</tr>
	</Msg>
	<Msg>
		<src>Current output</src>
		<tr>电流输出范围</tr>
	</Msg>
	<Msg>
		<src>Low gray Spot</src>
		<tr>低灰麻点优化</tr>
	</Msg>
	<Msg>
		<src>Gamma smoothing  level</src>
		<tr>Gamma平滑等级</tr>
	</Msg>
	<Msg>
		<src>Coupling</src>
		<tr>耦合优化</tr>
	</Msg>
	<Msg>
		<src>Coupling level</src>
		<tr>耦合优化等级</tr>
	</Msg>
	<Msg>
		<src>Coupling coefficient</src>
		<tr>耦合优化系数</tr>
	</Msg>
	<Msg>
		<src>Coupling optimization</src>
		<tr>耦合优化1</tr>
	</Msg>
	<Msg>
		<src>Ghost moment</src>
		<tr>消隐时刻</tr>
	</Msg>
	<Msg>
		<src>Enhanced low gray Display</src>
		<tr>低灰显示增强</tr>
	</Msg>
	<Msg>
		<src>Black screen dynamic energy saving</src>
		<tr>黑屏节能模式</tr>
	</Msg>
	<Msg>
		<src>High gray independent refresh</src>
		<tr>高灰数据独立刷新</tr>
	</Msg>
	<Msg>
		<src>Frequency division factor</src>
		<tr>分频系数</tr>
	</Msg>
	<Msg>
		<src>Number of GCLKs per row</src>
		<tr>每行GCLKs数</tr>
	</Msg>
	<Msg>
		<src>Effect first</src>
		<tr>效果优先</tr>
	</Msg>
	<Msg>
		<src>Low power first</src>
		<tr>低功耗优先</tr>
	</Msg>
	<Msg>
		<src>Very low power first</src>
		<tr>极低功耗优先</tr>
	</Msg>
	<Msg>
		<src>Synchronous mode</src>
		<tr>同步模式</tr>
	</Msg>
	<Msg>
		<src>Asynchronous mode</src>
		<tr>异步模式</tr>
	</Msg>
	<Msg>
		<src>Wipe off</src>
		<tr>启用去坏点</tr>
	</Msg>
	<Msg>
		<src>Dialog</src>
		<tr>扩展属性</tr>
	</Msg>
	<Msg>
		<src>Current drift compensation:</src>
		<tr>电流漂移补偿</tr>
	</Msg>
	<Msg>
		<src>Signal compensation:</src>
		<tr>并联IC数</tr>
	</Msg>
	<Msg>
		<src>Parallel IC number:</src>
		<tr>信号解码补偿</tr>
	</Msg>
</ChipTranslate>
