<?xml version="1.0" encoding="UTF-8"?>
<ChipTranslate>
	<Msg>
		<src>Current gain</src>
		<tr>Current gain</tr>
	</Msg>
	<Msg>
		<src>Enable</src>
		<tr>Enable</tr>
	</Msg>
	<Msg>
		<src>Synchronize</src>
		<tr>Synchronize</tr>
	</Msg>
	<Msg>
		<src>Ghost level</src>
		<tr>Ghost level</tr>
	</Msg>
	<Msg>
		<src>Ghost time</src>
		<tr>Ghost time</tr>
	</Msg>
	<Msg>
		<src>Remove Dead Pixels</src>
		<tr>Remove Dead Pixels</tr>
	</Msg>
	<Msg>
		<src>Current check up</src>
		<tr>Current check up</tr>
	</Msg>
	<Msg>
		<src>Low grayscale uniformity</src>
		<tr>Low grayscale uniformity</tr>
	</Msg>
	<Msg>
		<src>Regular</src>
		<tr>Regular</tr>
	</Msg>
	<Msg>
		<src>First scan dark</src>
		<tr>First scan dark</tr>
	</Msg>	
	<Msg>
		<src>Low gravscale color cast</src>
		<tr>Low gravscale color cast</tr>
	</Msg>
	<Msg>
		<src>First scan dark time</src>
		<tr>First scan dark time</tr>
	</Msg>
	<Msg>
		<src>Coupling adjustment</src>
		<tr>Coupling adjustment</tr>
	</Msg>
	<Msg>
		<src>Coupling1</src>
		<tr>Coupling1</tr>
	</Msg>
	<Msg>
		<src>Coupling2</src>
		<tr>Coupling2</tr>
	</Msg>
	<Msg>
		<src>Enable slowly</src>
		<tr>Enable slowly</tr>
	</Msg>
	<Msg>
		<src>Knee voltage</src>
		<tr>Knee voltage</tr>
	</Msg>
	<Msg>
		<src>Show mode</src>
		<tr>Show mode</tr>
	</Msg>
	<Msg>
		<src>Energy saving mode</src>
		<tr>Energy saving mode</tr>
	</Msg>
	<Msg>
		<src>Gradient optimization</src>
		<tr>Gradient optimization</tr>
	</Msg>
	<Msg>
		<src>Frame Synchronization Mode</src>
		<tr>Frame Synchronization Mode</tr>
	</Msg>
	<Msg>
		<src>Effect first</src>
		<tr>Effect first</tr>
	</Msg>
	<Msg>
		<src>Performance first</src>
		<tr>Performance first</tr>
	</Msg>
	<Msg>
		<src>Power-saving first</src>
		<tr>Power-saving first</tr>
	</Msg>
	<Msg>
		<src>Refresh group number</src>
		<tr>Refresh group number</tr>
	</Msg>
	<Msg>
		<src>Number of DCLK</src>
		<tr>Number of DCLK</tr>
	</Msg>
	<Msg>
		<src>Fine-tuning</src>
		<tr>Fine-tuning</tr>
	</Msg>
	<Msg>
		<src>Darker compensation of first scan</src>
		<tr>Darker compensation of first scan</tr>
	</Msg>
	<Msg>
		<src>Enhance low-grayscale uniformity</src>
		<tr>Enhance low-grayscale uniformity</tr>
	</Msg>
	<Msg>
		<src>The ghost to eliminate level</src>
		<tr>The ghost to eliminate level</tr>
	</Msg>
	<Msg>
		<src>Eliminate text ghosting</src>
		<tr>Eliminate text ghosting</tr>
	</Msg>
	<Msg>
		<src>Low-grayscale and color cast compensation</src>
		<tr>Low-grayscale and color cast compensation</tr>
	</Msg>
	<Msg>
		<src>Low-grayscale and color cast compensation </src>
		<tr>Low-grayscale and color cast compensation</tr>
	</Msg>
	<Msg>
		<src>Cross-board coupling optimization</src>
		<tr>Cross-board coupling optimization</tr>
	</Msg>
	<Msg>
		<src>Open circuit detection</src>
		<tr>Open circuit detection</tr>
	</Msg>
	<Msg>
		<src>R</src>
		<tr>R</tr>
	</Msg>
	<Msg>
		<src>G</src>
		<tr>G</tr>
	</Msg>
	<Msg>
		<src>B</src>
		<tr>B</tr>
	</Msg>
	<Msg>
		<src>OK</src>
		<tr>OK</tr>
	</Msg>
	<Msg>
		<src>Defaults</src>
		<tr>Defaults</tr>
	</Msg>
	<Msg>
		<src>Enhance</src>
		<tr>Enhance</tr>
	</Msg>
	<Msg>
		<src>Advanced</src>
		<tr>Advanced</tr>
	</Msg>
	<Msg>
		<src>Cancel</src>
		<tr>Cancel</tr>
	</Msg>
	<Msg>
		<src>Close</src>
		<tr>Close</tr>
	</Msg>
	<Msg>
		<src>Open</src>
		<tr>Open</tr>
	</Msg>	
	<Msg>
		<src>Extended attributes</src>
		<tr>Extended attributes</tr>
	</Msg>
	<Msg>
		<src>Register group</src>
		<tr>Register group</tr>
	</Msg>
	<Msg>
		<src>Register group 1</src>
		<tr>Register group 1</tr>
	</Msg>
	<Msg>
		<src>Register group 2</src>
		<tr>Register group 2</tr>
	</Msg>
	<Msg>
		<src>Register group 3</src>
		<tr>Register group 3</tr>
	</Msg>
	<Msg>
		<src>Register group 4</src>
		<tr>Register group 4</tr>
	</Msg>
	<Msg>
		<src>High byte(Hex)</src>
		<tr>High byte(Hex)</tr>
	</Msg>
	<Msg>
		<src>Low byte(hex)</src>
		<tr>Low byte(hex)</tr>
	</Msg>
	<Msg>
		<src>Red chip</src>
		<tr>Red chip</tr>
	</Msg>
	<Msg>
		<src>Green chip</src>
		<tr>Green chip</tr>
	</Msg>
	<Msg>
		<src>Blue chip</src>
		<tr>Blue chip</tr>
	</Msg>
	<Msg>
		<src>energy-saving mode</src>
		<tr>energy-saving mode</tr>
	</Msg>
	<Msg>
		<src>clamp adjust time</src>
		<tr>clamp adjust time</tr>
	</Msg>
	<Msg>
		<src>First Row level</src>
		<tr>First Row level</tr>
	</Msg>
	<Msg>
		<src>Low grayscale optimize</src>
		<tr>Low grayscale optimize</tr>
	</Msg>
	<Msg>
		<src>Low grayscale compensation</src>
		<tr>Low grayscale compensation</tr>
	</Msg>
	<Msg>
		<src>Coupling Enhancement</src>
		<tr>Coupling Enhancement</tr>
	</Msg>
	<Msg>
		<src>Output inflection</src>
		<tr>Output inflection</tr>
	</Msg>
	<Msg>
		<src>Warning:please adjust gclk multiplier.</src>
		<tr>Warning:please adjust gclk multiplier.</tr>
	</Msg>
	<Msg>
		<src>Coupling enhancement time</src>
		<tr>Coupling enhancement time</tr>
	</Msg>
	<Msg>
		<src>Clamp mode1</src>
		<tr>Clamp mode1</tr>
	</Msg>
	<Msg>
		<src>Clamp mode2</src>
		<tr>Clamp mode2</tr>
	</Msg>
</ChipTranslate>
