<?xml version="1.0" encoding="UTF-8"?>
<ChipTranslate>
	<Msg>
		<src>Ghost Start Time</src>
		<tr>消隱起始時間</tr>
	</Msg>
	<Msg>
		<src>Regular</src>
		<tr>常規模式</tr>
	</Msg>
	<Msg>
		<src>Advanced</src>
		<tr>高級模式</tr>
	</Msg>
	<Msg>
		<src>Current gain</src>
		<tr>電流增益</tr>
	</Msg>
	<Msg>
		<src>Synchronize</src>
		<tr>同步</tr>
	</Msg>
	<Msg>
		<src>Enable</src>
		<tr>啟用</tr>
	</Msg>
	<Msg>
		<src>Remove Dead Pixels</src>
		<tr>去除壞點</tr>
	</Msg>
	<Msg>
		<src>Current verification</src>
		<tr>電流校驗</tr>
	</Msg>
	<Msg>
		<src>Ghost level</src>
		<tr>消隱等級</tr>
	</Msg>
	<Msg>
		<src>Ghost time</src>
		<tr>消隱時間</tr>
	</Msg>
	<Msg>
		<src>Low grayscale uniformity</src>
		<tr>低灰均勻性</tr>
	</Msg>
	<Msg>
		<src>LowGray Optimization</src>
		<tr>低灰優化</tr>
	</Msg>
	<Msg>
		<src>First scan dark level</src>
		<tr>第一掃偏暗補償等級</tr>
	</Msg>	
	<Msg>
		<src>First scan dark time</src>
		<tr>第一掃偏暗補償時間</tr>
	</Msg>
	<Msg>
		<src>Low gravscale color cast</src>
		<tr>低灰偏色補償</tr>
	</Msg>
	<Msg>
		<src>Coupling1</src>
		<tr>耦合優化1</tr>
	</Msg>
	<Msg>
		<src>Coupling2</src>
		<tr>耦合優化2</tr>
	</Msg>
	<Msg>
		<src>Knee voltage</src>
		<tr>拐點電壓</tr>
	</Msg>
	<Msg>
		<src>Enable slowly</src>
		<tr>慢速開啟</tr>
	</Msg>
	<Msg>
		<src>Gradient optimization</src>
		<tr>漸變優化</tr>
	</Msg>
	<Msg>
		<src>Energy saving mode</src>
		<tr>黑屏節能</tr>
	</Msg>
	<Msg>
		<src>Effect first</src>
		<tr>效果優先</tr>
	</Msg>
	<Msg>
		<src>Power-saving first</src>
		<tr>節能優先</tr>
	</Msg>
	<Msg>
		<src>R</src>
		<tr>紅</tr>
	</Msg>
	<Msg>
		<src>G</src>
		<tr>綠</tr>
	</Msg>
	<Msg>
		<src>B</src>
		<tr>藍</tr>
	</Msg>
	<Msg>
		<src>OK</src>
		<tr>確認</tr>
	</Msg>
	<Msg>
		<src>Defaults</src>
		<tr>默認值</tr>
	</Msg>
	<Msg>
		<src>Cancel</src>
		<tr>取消</tr>
	</Msg>
	<Msg>
		<src>Extended attributes</src>
		<tr>拓展屬性</tr>
	</Msg>
	<Msg>
		<src>Dialog</src>
		<tr>拓展屬性</tr>
	</Msg>
	<Msg>
		<src>BlackingTime in current paramter is too long</src>
		<tr>當前參數黑場時間過長</tr>
	</Msg>
	<Msg>
		<src>Current paramter have not show all the scan</src>
		<tr>當前參數未顯示完所有掃</tr>
	</Msg>
</ChipTranslate>
