<?xml version="1.0" encoding="UTF-8"?>
<ChipTranslate>
	<Msg>
		<src>Ghost Start Time</src>
		<tr>消隐起始时间</tr>
	</Msg>
	<Msg>
		<src>Regular</src>
		<tr>常规模式</tr>
	</Msg>
	<Msg>
		<src>Advanced</src>
		<tr>高级模式</tr>
	</Msg>
	<Msg>
		<src>Current gain</src>
		<tr>电流增益</tr>
	</Msg>
	<Msg>
		<src>Synchronize</src>
		<tr>同步</tr>
	</Msg>
	<Msg>
		<src>Enable</src>
		<tr>启用</tr>
	</Msg>
	<Msg>
		<src>Remove Dead Pixels</src>
		<tr>去除坏点</tr>
	</Msg>
	<Msg>
		<src>Current verification</src>
		<tr>电流校验</tr>
	</Msg>
	<Msg>
		<src>Ghost level</src>
		<tr>消隐等级</tr>
	</Msg>
	<Msg>
		<src>Ghost time</src>
		<tr>消隐时间</tr>
	</Msg>
	<Msg>
		<src>Low grayscale uniformity</src>
		<tr>低灰均匀性</tr>
	</Msg>
	<Msg>
		<src>LowGray Optimization</src>
		<tr>低灰优化</tr>
	</Msg>
	<Msg>
		<src>First scan dark level</src>
		<tr>第一扫偏暗补偿</tr>
	</Msg>	
	<Msg>
		<src>First scan dark time</src>
		<tr>第一扫偏暗补偿时间</tr>
	</Msg>
	<Msg>
		<src>Low gravscale color cast</src>
		<tr>低灰偏色补偿</tr>
	</Msg>
	<Msg>
		<src>Coupling1</src>
		<tr>耦合优化1</tr>
	</Msg>
	<Msg>
		<src>Coupling2</src>
		<tr>耦合优化2</tr>
	</Msg>
	<Msg>
		<src>Knee voltage</src>
		<tr>拐点电压</tr>
	</Msg>
	<Msg>
		<src>Enable slowly</src>
		<tr>慢速开启</tr>
	</Msg>
	<Msg>
		<src>Show mode</src>
		<tr>显示模式</tr>
	</Msg>
	<Msg>
		<src>Gradient optimization</src>
		<tr>渐变优化</tr>
	</Msg>
	<Msg>
		<src>Energy saving mode</src>
		<tr>黑屏节能</tr>
	</Msg>
	<Msg>
		<src>Effect first</src>
		<tr>效果优先</tr>
	</Msg>
	<Msg>
		<src>Power-saving first</src>
		<tr>节能优先</tr>
	</Msg>
	<Msg>
		<src>R</src>
		<tr>红</tr>
	</Msg>
	<Msg>
		<src>G</src>
		<tr>绿</tr>
	</Msg>
	<Msg>
		<src>B</src>
		<tr>蓝</tr>
	</Msg>
	<Msg>
		<src>OK</src>
		<tr>确认</tr>
	</Msg>
	<Msg>
		<src>Defaults</src>
		<tr>默认值</tr>
	</Msg>
	<Msg>
		<src>Cancel</src>
		<tr>取消</tr>
	</Msg>
	<Msg>
		<src>Extended attributes</src>
		<tr>扩展属性</tr>
	</Msg>
	<Msg>
		<src>Dialog</src>
		<tr>扩展属性</tr>
	</Msg>
	<Msg>
		<src>BlackingTime in current paramter is too long</src>
		<tr>当前参数黑场时间过长</tr>
	</Msg>
	<Msg>
		<src>Current paramter have not show all the scan</src>
		<tr>当前参数未显示完所有扫</tr>
	</Msg>
</ChipTranslate>
