<?xml version="1.0" encoding="UTF-8"?>
<ChipTranslate>
	<Msg>
		<src>Current gain</src>
		<tr>电流增益</tr>
	</Msg>
	<Msg>
		<src>Normal Mode</src>
		<tr>普通模式</tr>
	</Msg>
	<Msg>
		<src>Frame Interpolation Mode</src>
		<tr>插帧模式</tr>
	</Msg>
	<Msg>
		<src>Frame Interpolation Mode:</src>
		<tr>插帧模式</tr>
	</Msg>
	<Msg>
		<src>Photo Crosshatch Optimization</src>
		<tr>拍照横纹优化</tr>
	</Msg>
	<Msg>
		<src>Recommended Parameters 2</src>
		<tr>推荐参数2</tr>
	</Msg>
	<Msg>
		<src>Recommended Parameters 1</src>
		<tr>推荐参数1</tr>
	</Msg>
	<Msg>
		<src>Enable</src>
		<tr>启用</tr>
	</Msg>
	<Msg>
		<src>Synchronize</src>
		<tr>同步</tr>
	</Msg>
	<Msg>
		<src>Enabled</src>
		<tr>启用</tr>
	</Msg>
	<Msg>
		<src>Close</src>
		<tr>关闭</tr>
	</Msg>
	<Msg>
		<src>Ghost level</src>
		<tr>消隐等级</tr>
	</Msg>
	<Msg>
		<src>Ghost time</src>
		<tr>消隐时间</tr>
	</Msg>
	<Msg>
		<src>Remove Dead Pixels</src>
		<tr>去除坏点</tr>
	</Msg>
	<Msg>
		<src>Low gravscale color cast</src>
		<tr>低灰偏色补偿</tr>
	</Msg>
	<Msg>
		<src>Current check up</src>
		<tr>电流校验</tr>
	</Msg>
	<Msg>
		<src>First scan dark</src>
		<tr>第一扫偏暗补偿</tr>
	</Msg>	
	<Msg>
		<src>Low grayscale uniformity</src>
		<tr>低灰均匀性</tr>
	</Msg>
	<Msg>
		<src>First scan dark time</src>
		<tr>第一扫偏暗补偿时间</tr>
	</Msg>
	<Msg>
		<src>Regular</src>
		<tr>常规模式</tr>
	</Msg>
	<Msg>
		<src>Coupling adjustment</src>
		<tr>耦合调节</tr>
	</Msg>
	<Msg>
		<src>Coupling1</src>
		<tr>耦合优化1</tr>
	</Msg>
	<Msg>
		<src>Coupling2</src>
		<tr>耦合优化2</tr>
	</Msg>
	<Msg>
		<src>Enable slowly</src>
		<tr>慢速开启</tr>
	</Msg>
	<Msg>
		<src>Knee voltage</src>
		<tr>拐点电压</tr>
	</Msg>
	<Msg>
		<src>Show mode</src>
		<tr>显示模式</tr>
	</Msg>
	<Msg>
		<src>Energy saving mode</src>
		<tr>节能模式</tr>
	</Msg>
	<Msg>
		<src>Gradient optimization</src>
		<tr>渐变优化</tr>
	</Msg>
	<Msg>
		<src>Frame Synchronization Mode</src>
		<tr>帧同步模式</tr>
	</Msg>
	<Msg>
		<src>Effect first</src>
		<tr>效果优先</tr>
	</Msg>
	<Msg>
		<src>Performance first</src>
		<tr>性能优先</tr>
	</Msg>
	<Msg>
		<src>Power-saving first</src>
		<tr>节能优先</tr>
	</Msg>
	<Msg>
		<src>Refresh group number</src>
		<tr>刷新分组数</tr>
	</Msg>
	<Msg>
		<src>Number of DCLK</src>
		<tr>每行DLCK个数</tr>
	</Msg>
	<Msg>
		<src>Fine-tuning</src>
		<tr>微调</tr>
	</Msg>
	<Msg>
		<src>Darker compensation of first scan</src>
		<tr>第一扫偏暗补偿</tr>
	</Msg>
	<Msg>
		<src>Enhance low-grayscale uniformity</src>
		<tr>低灰均匀性提升</tr>
	</Msg>
	<Msg>
		<src>The ghost to eliminate level</src>
		<tr>下鬼影消除等级</tr>
	</Msg>
	<Msg>
		<src>Eliminate text ghosting</src>
		<tr>消除文字鬼影</tr>
	</Msg>
	<Msg>
		<src>Low-grayscale and color cast compensation</src>
		<tr>低灰偏色补偿</tr>
	</Msg>
	<Msg>
		<src>Low-grayscale and color cast compensation </src>
		<tr>低灰偏色补偿</tr>
	</Msg>
	<Msg>
		<src>Cross-board coupling optimization</src>
		<tr>跨版耦合优化</tr>
	</Msg>
	<Msg>
		<src>Open circuit detection</src>
		<tr>对应开路检测</tr>
	</Msg>
	<Msg>
		<src>R</src>
		<tr>红</tr>
	</Msg>
	<Msg>
		<src>G</src>
		<tr>绿</tr>
	</Msg>
	<Msg>
		<src>B</src>
		<tr>蓝</tr>
	</Msg>
	<Msg>
		<src>OK</src>
		<tr>确认</tr>
	</Msg>
	<Msg>
		<src>Defaults</src>
		<tr>默认值</tr>
	</Msg>
	<Msg>
		<src>Close</src>
		<tr>关闭</tr>
	</Msg>
	<Msg>
		<src>Open</src>
		<tr>打开</tr>
	</Msg>
	<Msg>
		<src>Enhance</src>
		<tr>增强</tr>
	</Msg>
	<Msg>
		<src>Advanced</src>
		<tr>高级模式</tr>
	</Msg>
	<Msg>
		<src>Cancel</src>
		<tr>取消</tr>
	</Msg>
	<Msg>
		<src>Extended attributes</src>
		<tr>扩展属性</tr>
	</Msg>
	<Msg>
		<src>Current verification</src>
		<tr>电流验证</tr>
	</Msg>
	<Msg>
		<src>Warning:please adjust gclk multiplier.</src>
		<tr>警告:请纠正gclk倍率</tr>
	</Msg>
	<Msg>
		<src>Warning:The coupling 1 at extended attributes page can't exceed gray-scale level.</src>
		<tr>警告:扩展属性的耦合优化1不能超过灰度等级.</tr>
	</Msg>
</ChipTranslate>
