<?xml version="1.0" encoding="UTF-8"?>
<ChipTranslate>
	<Msg>
		<src>First scan dim elimination</src>
		<tr>第一扫偏暗消除</tr>
	</Msg>	
	<Msg>
		<src>Lower ghost eliminating level</src>
		<tr>下鬼影消除等级</tr>
	</Msg>	
	<Msg>
		<src>Dark Block Couping1</src>
		<tr>暗块补偿1</tr>
	</Msg>	
	<Msg>
		<src>Dark Block Couping2</src>
		<tr>暗块补偿2</tr>
	</Msg>	
	<Msg>
		<src>Dark Block Couping3</src>
		<tr>暗块补偿3</tr>
	</Msg>	
	<Msg>
		<src>Low grayscale compensation</src>
		<tr>低灰偏色补偿</tr>
	</Msg>	
	<Msg>
		<src>Low gray offset compensation1</src>
		<tr>进阶低灰偏色补偿1</tr>
	</Msg>	
	<Msg>
		<src>Low gray offset compensation2</src>
		<tr>进阶低灰偏色补偿2</tr>
	</Msg>	
	<Msg>
		<src>Low gray offset compensation3</src>
		<tr>进阶低灰偏色补偿3</tr>
	</Msg>	
	<Msg>
		<src>Gradient Compensation</src>
		<tr>渐变补偿</tr>
	</Msg>	
	<Msg>
		<src>Gradient Compensation 1</src>
		<tr>渐变补偿1</tr>
	</Msg>	
	<Msg>
		<src>Low gray horizontal stripe</src>
		<tr>低灰横条纹消除</tr>
	</Msg>	
	<Msg>
		<src>Cross Elimination Level</src>
		<tr>十字架消除等级</tr>
	</Msg>	
	<Msg>
		<src>Open</src>
		<tr>打开</tr>
	</Msg>	
	<Msg>
		<src>Current gain</src>
		<tr>电流增益</tr>
	</Msg>	
	<Msg>
		<src>Synchronize</src>
		<tr>同步</tr>
	</Msg>	
	<Msg>
		<src>OK</src>
		<tr>确定</tr>
	</Msg>	
	<Msg>
		<src>Defaults</src>
		<tr>默认值</tr>
	</Msg>	
	<Msg>
		<src>Cancel</src>
		<tr>取消</tr>
	</Msg>	
	<Msg>
		<src>Remove Dead Pixels</src>
		<tr>启用去坏点</tr>
	</Msg>	
	<Msg>
		<src>Dead Time(H)</src>
		<tr>消隐时间补偿(H)</tr>
	</Msg>	
	<Msg>
		<src>Dummy Time</src>
		<tr>渐变过渡优化</tr>
	</Msg>	
	<Msg>
		<src>Refresh Rate</src>
		<tr>刷新倍率</tr>
	</Msg>	
	<Msg>
		<src>1X Multiplier</src>
		<tr>1X倍频</tr>
	</Msg>	
	<Msg>
		<src>2X Multiplier</src>
		<tr>2X倍频</tr>
	</Msg>	
	<Msg>
		<src>GCLK Frequency-doubled</src>
		<tr>GCLK倍频 </tr>
	</Msg>
	<Msg>
		<src>Regular</src>
		<tr>常规模式</tr>
	</Msg>
	<Msg>
		<src>Advanced</src>
		<tr>高级模式</tr>
	</Msg>	
	<Msg>
		<src>defaults</src>
		<tr>默认参数</tr>
	</Msg>		
	<Msg>
		<src>ok</src>
		<tr>确定</tr>
	</Msg>		
	<Msg>
		<src>cancel</src>
		<tr>取消</tr>
	</Msg>
	<Msg>
		<src>ghost enhance</src>
		<tr>消隐增强</tr>
	</Msg>	
	<Msg>
		<src>ghost lv</src>
		<tr>消隐等级</tr>
	</Msg>	
	<Msg>
		<src>constant current inflect point</src>
		<tr>恒流拐点</tr>
	</Msg>		
	<Msg>
		<src>current gear</src>
		<tr>电流档位</tr>
	</Msg>		
	<Msg>
		<src>reaction rate</src>
		<tr>响应速度</tr>
	</Msg>	
	<Msg>
		<src>current gain</src>
		<tr>电流增益</tr>
	</Msg>
	<Msg>
		<src>property</src>
		<tr>属性</tr>
	</Msg>	
	<Msg>
		<src>R</src>
		<tr>红</tr>
	</Msg>	
	<Msg>
		<src>G</src>
		<tr>绿</tr>
	</Msg>	
	<Msg>
		<src>B</src>
		<tr>蓝</tr>
	</Msg>
	<Msg>
		<src>Register group</src>
		<tr>寄存器组</tr>
	</Msg>
	<Msg>
		<src>High byte(Hex)</src>
		<tr>高字节(16进制)</tr>
	</Msg>
	<Msg>
		<src>Low byte(hex)</src>
		<tr>低字节(16进制)</tr>
	</Msg>	
	<Msg>
		<src>Red chip</src>
		<tr>红色芯片</tr>
	</Msg>	
	<Msg>
		<src>Green chip</src>
		<tr>绿色芯片</tr>
	</Msg>	
	<Msg>
		<src>Blue chip</src>
		<tr>蓝色芯片</tr>
	</Msg>		
	<Msg>
		<src>slow</src>
		<tr>慢</tr>
	</Msg>	
	<Msg>
		<src>quick</src>
		<tr>快</tr>
	</Msg>		
	<Msg>
		<src>Enable</src>
		<tr>启用</tr>
	</Msg>		
	<Msg>
		<src>Dialog</src>
		<tr>扩展属性</tr>
	</Msg>
	<Msg>
		<src>Synchronize</src>
		<tr>同步</tr>
	</Msg>	
</ChipTranslate>
