<?xml version="1.0" encoding="UTF-8"?>
<ChipTranslate>
	<Msg>
		<src>Current paramter have not show all the scan.</src>
		<tr>Current paramter have not show all the scan.</tr>
	</Msg>
	<Msg>
		<src>The current paramter black field time is too long.</src>
		<tr>The current paramter black field time is too long.</tr>
	</Msg>
	<Msg>
		<src>GCLK Increased</src>
		<tr>GCLK Increased</tr>
	</Msg>
	<Msg>
		<src>Dead Time</src>
		<tr>Dead Time</tr>
	</Msg>
	<Msg>
		<src>First scan dim elimination</src>
		<tr>First scan dim elimination</tr>
	</Msg>	
	<Msg>
		<src>Lower ghost eliminating level</src>
		<tr>Lower ghost eliminating level</tr>
	</Msg>	
	<Msg>
		<src>Dark Block Couping1</src>
		<tr>Dark Block Couping1</tr>
	</Msg>	
	<Msg>
		<src>Dark Block Couping2</src>
		<tr>Dark Block Couping2</tr>
	</Msg>	
	<Msg>
		<src>Dark Block Couping3</src>
		<tr>Dark Block Couping3</tr>
	</Msg>	
	<Msg>
		<src>Low grayscale compensation</src>
		<tr>Low grayscale compensation</tr>
	</Msg>	
	<Msg>
		<src>Low gray offset compensation1</src>
		<tr>Low gray offset compensation1</tr>
	</Msg>	
	<Msg>
		<src>Low gray offset compensation2</src>
		<tr>Low gray offset compensation2</tr>
	</Msg>	
	<Msg>
		<src>Low gray offset compensation3</src>
		<tr>Low gray offset compensation3</tr>
	</Msg>	
	<Msg>
		<src>Gradient Compensation</src>
		<tr>Gradient Compensation</tr>
	</Msg>	
	<Msg>
		<src>Gradient Compensation 1</src>
		<tr>Gradient Compensation 1</tr>
	</Msg>	
	<Msg>
		<src>Low gray horizontal stripe</src>
		<tr>Low gray horizontal stripe</tr>
	</Msg>	
	<Msg>
		<src>Cross Elimination Level</src>
		<tr>Cross Elimination Level</tr>
	</Msg>	
	<Msg>
		<src>Open</src>
		<tr>Open</tr>
	</Msg>	
	<Msg>
		<src>Current gain</src>
		<tr>Current gain</tr>
	</Msg>	
	<Msg>
		<src>Synchronize</src>
		<tr>Synchronize</tr>
	</Msg>	
	<Msg>
		<src>OK</src>
		<tr>OK</tr>
	</Msg>	
	<Msg>
		<src>Defaults</src>
		<tr>Defaults</tr>
	</Msg>	
	<Msg>
		<src>Cancel</src>
		<tr>Cancel</tr>
	</Msg>	
	<Msg>
		<src>Remove Dead Pixels</src>
		<tr>Remove Dead Pixels</tr>
	</Msg>	
	<Msg>
		<src>Dead Time(H)</src>
		<tr>Dead Time(H)</tr>
	</Msg>	
	<Msg>
		<src>Dummy Time</src>
		<tr>Dummy Time</tr>
	</Msg>	
	<Msg>
		<src>Refresh Rate</src>
		<tr>Refresh Rate</tr>
	</Msg>	
	<Msg>
		<src>1X Multiplier</src>
		<tr>1X Multiplier</tr>
	</Msg>	
	<Msg>
		<src>2X Multiplier</src>
		<tr>2X Multiplier</tr>
	</Msg>	
	<Msg>
		<src>GCLK Frequency-doubled</src>
		<tr>GCLK Frequency-doubled </tr>
	</Msg>	
	<Msg>
		<src>Regular</src>
		<tr>Regular</tr>
	</Msg>
	<Msg>
		<src>Advanced</src>
		<tr>Advanced</tr>
	</Msg>	
	<Msg>
		<src>defaults</src>
		<tr>defaults</tr>
	</Msg>		
	<Msg>
		<src>ok</src>
		<tr>ok</tr>
	</Msg>		
	<Msg>
		<src>cancel</src>
		<tr>cancel</tr>
	</Msg>
	<Msg>
		<src>ghost enhance</src>
		<tr>ghost enhance</tr>
	</Msg>	
	<Msg>
		<src>ghost lv</src>
		<tr>ghost lv</tr>
	</Msg>	
	<Msg>
		<src>constant current inflect point</src>
		<tr>constant current inflect point</tr>
	</Msg>		
	<Msg>
		<src>current gear</src>
		<tr>current gear</tr>
	</Msg>		
	<Msg>
		<src>reaction rate</src>
		<tr>reaction rate</tr>
	</Msg>	
	<Msg>
		<src>current gain</src>
		<tr>current gain</tr>
	</Msg>
	<Msg>
		<src>property</src>
		<tr>property</tr>
	</Msg>	
	<Msg>
		<src>R</src>
		<tr>R</tr>
	</Msg>	
	<Msg>
		<src>G</src>
		<tr>G</tr>
	</Msg>	
	<Msg>
		<src>B</src>
		<tr>B</tr>
	</Msg>
	<Msg>
		<src>Register group</src>
		<tr>Register group</tr>
	</Msg>
	<Msg>
		<src>High byte(Hex)</src>
		<tr>High byte(Hex)</tr>
	</Msg>
	<Msg>
		<src>Low byte(hex)</src>
		<tr>Low byte(hex)</tr>
	</Msg>	
	<Msg>
		<src>Red chip</src>
		<tr>Red chip</tr>
	</Msg>	
	<Msg>
		<src>Green chip</src>
		<tr>Green chip</tr>
	</Msg>	
	<Msg>
		<src>Blue chip</src>
		<tr>Blue chip</tr>
	</Msg>		
	<Msg>
		<src>slow</src>
		<tr>slow</tr>
	</Msg>	
	<Msg>
		<src>quick</src>
		<tr>quick</tr>
	</Msg>		
	<Msg>
		<src>Enable</src>
		<tr>Enable</tr>
	</Msg>		
	<Msg>
		<src>Dialog</src>
		<tr>Dialog</tr>
	</Msg>
	<Msg>
		<src>Synchronize</src>
		<tr>Synchronize</tr>
	</Msg>	
</ChipTranslate>
