<?xml version="1.0" encoding="UTF-8"?>
<ChipTranslate>
	<Msg>
		<src>High gray coupling level</src>
		<tr>高灰耦合等級</tr>
	</Msg>	
	<Msg>
		<src>First scan dim elimination</src>
		<tr>第一掃偏暗消除</tr>
	</Msg>	
	<Msg>
		<src>Lower ghost eliminating level</src>
		<tr>下鬼隱消除等級</tr>
	</Msg>	
	<Msg>
		<src>Dark Block Couping1</src>
		<tr>暗塊補償1</tr>
	</Msg>	
	<Msg>
		<src>Dark Block Couping2</src>
		<tr>暗塊補償2</tr>
	</Msg>	
	<Msg>
		<src>Dark Block Couping3</src>
		<tr>暗塊補償3</tr>
	</Msg>	
	<Msg>
		<src>Low grayscale compensation</src>
		<tr>低灰偏色補償</tr>
	</Msg>	
	<Msg>
		<src>Low gray offset compensation1</src>
		<tr>進階低灰偏色補償1</tr>
	</Msg>	
	<Msg>
		<src>Low gray offset compensation2</src>
		<tr>進階低灰偏色補償2</tr>
	</Msg>	
	<Msg>
		<src>Low gray offset compensation3</src>
		<tr>進階低灰偏色補償3</tr>
	</Msg>	
	<Msg>
		<src>Gradient Compensation</src>
		<tr>漸變補償</tr>
	</Msg>	
	<Msg>
		<src>Gradient Compensation 1</src>
		<tr>漸變補償1</tr>
	</Msg>	
	<Msg>
		<src>Low gray horizontal stripe</src>
		<tr>低灰橫條紋消除</tr>
	</Msg>	
	<Msg>
		<src>Cross Elimination Level</src>
		<tr>十字架消除等級</tr>
	</Msg>	
	<Msg>
		<src>Open</src>
		<tr>打開</tr>
	</Msg>	
	<Msg>
		<src>Current gain</src>
		<tr>電流增益</tr>
	</Msg>	
	<Msg>
		<src>Synchronize</src>
		<tr>同步</tr>
	</Msg>	
	<Msg>
		<src>OK</src>
		<tr>確定</tr>
	</Msg>	
	<Msg>
		<src>Defaults</src>
		<tr>默認值</tr>
	</Msg>	
	<Msg>
		<src>Cancel</src>
		<tr>取消</tr>
	</Msg>	
	<Msg>
		<src>Remove Dead Pixels</src>
		<tr>啟用去壞點</tr>
	</Msg>	
	<Msg>
		<src>Dead Time(H)</src>
		<tr>消隱時間補償(H)</tr>
	</Msg>	
	<Msg>
		<src>Dummy Time</src>
		<tr>漸變過渡優化</tr>
	</Msg>	
	<Msg>
		<src>Refresh Rate</src>
		<tr>刷新倍率</tr>
	</Msg>	
	<Msg>
		<src>1X Multiplier</src>
		<tr>1X倍頻</tr>
	</Msg>	
	<Msg>
		<src>2X Multiplier</src>
		<tr>2X倍頻</tr>
	</Msg>	
	<Msg>
		<src>GCLK Frequency-doubled</src>
		<tr>GCLK倍頻 </tr>
	</Msg>		
	<Msg>
		<src>Regular</src>
		<tr>常規模式</tr>
	</Msg>
	<Msg>
		<src>Advanced</src>
		<tr>高級模式</tr>
	</Msg>	
	<Msg>
		<src>defaults</src>
		<tr>默認參數</tr>
	</Msg>		
	<Msg>
		<src>ok</src>
		<tr>確定</tr>
	</Msg>		
	<Msg>
		<src>cancel</src>
		<tr>取消</tr>
	</Msg>
	<Msg>
		<src>ghost enhance</src>
		<tr>消隱增強</tr>
	</Msg>	
	<Msg>
		<src>ghost lv</src>
		<tr>消隱等級</tr>
	</Msg>	
	<Msg>
		<src>constant current inflect point</src>
		<tr>恆流拐點</tr>
	</Msg>		
	<Msg>
		<src>current gear</src>
		<tr>電流檔位</tr>
	</Msg>		
	<Msg>
		<src>reaction rate</src>
		<tr>響應速度</tr>
	</Msg>	
	<Msg>
		<src>current gain</src>
		<tr>電流增益</tr>
	</Msg>
	<Msg>
		<src>property</src>
		<tr>屬性</tr>
	</Msg>	
	<Msg>
		<src>R</src>
		<tr>紅</tr>
	</Msg>	
	<Msg>
		<src>G</src>
		<tr>綠</tr>
	</Msg>	
	<Msg>
		<src>B</src>
		<tr>藍</tr>
	</Msg>
	<Msg>
		<src>Register group</src>
		<tr>寄存器組</tr>
	</Msg>
	<Msg>
		<src>High byte(Hex)</src>
		<tr>高字節(16進制)</tr>
	</Msg>
	<Msg>
		<src>Low byte(hex)</src>
		<tr>低字節(16進制)</tr>
	</Msg>	
	<Msg>
		<src>Red chip</src>
		<tr>紅色芯片</tr>
	</Msg>	
	<Msg>
		<src>Green chip</src>
		<tr>綠色芯片</tr>
	</Msg>	
	<Msg>
		<src>Blue chip</src>
		<tr>藍色芯片</tr>
	</Msg>		
	<Msg>
		<src>slow</src>
		<tr>慢</tr>
	</Msg>	
	<Msg>
		<src>quick</src>
		<tr>塊</tr>
	</Msg>		
	<Msg>
		<src>Enable</src>
		<tr>啟用</tr>
	</Msg>		
	<Msg>
		<src>Dialog</src>
		<tr>拓展屬性</tr>
	</Msg>
	<Msg>
		<src>Synchronize</src>
		<tr>同步</tr>
	</Msg>	
</ChipTranslate>
