<?xml version='1.0' encoding='UTF-8'?>
<ChipTranslate>
    <Msg>
        <src>Current paramter have not show all the scan.</src>
        <tr>A jelenlegi paraméter nem mutatja az összes szkennelést.</tr>
    </Msg>
    <Msg>
        <src>The current paramter black field time is too long.</src>
        <tr>A jelenlegi paraméter fekete mező ideje túl hosszú.</tr>
    </Msg>
    <Msg>
        <src>GCLK Increased</src>
        <tr>GCLK növelve</tr>
    </Msg>
    <Msg>
        <src>Dead Time</src>
        <tr>Holtidő</tr>
    </Msg>
    <Msg>
        <src>First scan dim elimination</src>
        <tr>Első szkennelés halványítás eltávolítása</tr>
    </Msg>
    <Msg>
        <src>Lower ghost eliminating level</src>
        <tr>Alacsonyabb szellem eltávolítási szint</tr>
    </Msg>
    <Msg>
        <src>Dark Block Couping1</src>
        <tr>Sötét blokk kapcsolat1</tr>
    </Msg>
    <Msg>
        <src>Dark Block Couping2</src>
        <tr>Sötét blokk kapcsolat2</tr>
    </Msg>
    <Msg>
        <src>Dark Block Couping3</src>
        <tr>Sötét blokk kapcsolat3</tr>
    </Msg>
    <Msg>
        <src>Low grayscale compensation</src>
        <tr>Alacsony szürkeárnyalatos kompenzáció</tr>
    </Msg>
    <Msg>
        <src>Low gray offset compensation1</src>
        <tr>Alacsony szürke eltolás kompenzáció1</tr>
    </Msg>
    <Msg>
        <src>Low gray offset compensation2</src>
        <tr>Alacsony szürke eltolás kompenzáció2</tr>
    </Msg>
    <Msg>
        <src>Low gray offset compensation3</src>
        <tr>Alacsony szürke eltolás kompenzáció3</tr>
    </Msg>
    <Msg>
        <src>Gradient Compensation</src>
        <tr>Gradiens kompenzáció</tr>
    </Msg>
    <Msg>
        <src>Gradient Compensation 1</src>
        <tr>Gradiens kompenzáció 1</tr>
    </Msg>
    <Msg>
        <src>Low gray horizontal stripe</src>
        <tr>Alacsony szürke vízszintes csík</tr>
    </Msg>
    <Msg>
        <src>Cross Elimination Level</src>
        <tr>Keresztszellem eltávolítás szintje</tr>
    </Msg>
    <Msg>
        <src>Open</src>
        <tr>Megnyitás</tr>
    </Msg>
    <Msg>
        <src>Current gain</src>
        <tr>Jelenlegi nyereség</tr>
    </Msg>
    <Msg>
        <src>Synchronize</src>
        <tr>Szinkronizálás</tr>
    </Msg>
    <Msg>
        <src>OK</src>
        <tr>OK</tr>
    </Msg>
    <Msg>
        <src>Defaults</src>
        <tr>Alapértelmezések</tr>
    </Msg>
    <Msg>
        <src>Cancel</src>
        <tr>Mégse</tr>
    </Msg>
    <Msg>
        <src>Remove Dead Pixels</src>
        <tr>Halott pixelek eltávolítása</tr>
    </Msg>
    <Msg>
        <src>Dead Time(H)</src>
        <tr>Holtidő(H)</tr>
    </Msg>
    <Msg>
        <src>Dummy Time</src>
        <tr>Dummy idő</tr>
    </Msg>
    <Msg>
        <src>Refresh Rate</src>
        <tr>Frissítési gyakoriság</tr>
    </Msg>
    <Msg>
        <src>1X Multiplier</src>
        <tr>1X szorzó</tr>
    </Msg>
    <Msg>
        <src>2X Multiplier</src>
        <tr>2X szorzó</tr>
    </Msg>
    <Msg>
        <src>GCLK Frequency-doubled</src>
        <tr>GCLK duplázott frekvencia</tr>
    </Msg>
    <Msg>
        <src>Regular</src>
        <tr>Rendszeres</tr>
    </Msg>
    <Msg>
        <src>Advanced</src>
        <tr>Haladó</tr>
    </Msg>
    <Msg>
        <src>defaults</src>
        <tr>alapértelmezések</tr>
    </Msg>
    <Msg>
        <src>ok</src>
        <tr>ok</tr>
    </Msg>
    <Msg>
        <src>cancel</src>
        <tr>mégse</tr>
    </Msg>
    <Msg>
        <src>ghost enhance</src>
        <tr>szellem javítás</tr>
    </Msg>
    <Msg>
        <src>ghost lv</src>
        <tr>szellem szint</tr>
    </Msg>
    <Msg>
        <src>constant current inflect point</src>
        <tr>állandó áram töréspont</tr>
    </Msg>
    <Msg>
        <src>current gear</src>
        <tr>jelenlegi fokozat</tr>
    </Msg>
    <Msg>
        <src>reaction rate</src>
        <tr>reakciósebesség</tr>
    </Msg>
    <Msg>
        <src>current gain</src>
        <tr>jelenlegi nyereség</tr>
    </Msg>
    <Msg>
        <src>property</src>
        <tr>tulajdonság</tr>
    </Msg>
    <Msg>
        <src>R</src>
        <tr>R</tr>
    </Msg>
    <Msg>
        <src>G</src>
        <tr>G</tr>
    </Msg>
    <Msg>
        <src>B</src>
        <tr>B</tr>
    </Msg>
    <Msg>
        <src>Register group</src>
        <tr>Regiszter csoport</tr>
    </Msg>
    <Msg>
        <src>High byte(Hex)</src>
        <tr>Magas bájt (Hex)</tr>
    </Msg>
    <Msg>
        <src>Low byte(hex)</src>
        <tr>Alacsony bájt (hex)</tr>
    </Msg>
    <Msg>
        <src>Red chip</src>
        <tr>Piros chip</tr>
    </Msg>
    <Msg>
        <src>Green chip</src>
        <tr>Zöld chip</tr>
    </Msg>
    <Msg>
        <src>Blue chip</src>
        <tr>Kék chip</tr>
    </Msg>
    <Msg>
        <src>slow</src>
        <tr>lassú</tr>
    </Msg>
    <Msg>
        <src>quick</src>
        <tr>gyors</tr>
    </Msg>
    <Msg>
        <src>Enable</src>
        <tr>Engedélyezés</tr>
    </Msg>
    <Msg>
        <src>Dialog</src>
        <tr>Párbeszédablak</tr>
    </Msg>
    <Msg>
        <src>Synchronize</src>
        <tr>Szinkronizálás</tr>
    </Msg>
</ChipTranslate>
