<?xml version="1.0" encoding="UTF-8"?>
<ChipTranslate>
	<Msg>
		<src>Default4</src>
		<tr>默认参数4</tr>
	</Msg>
	<Msg>
		<src>Default3</src>
		<tr>默认参数3</tr>
	</Msg>
	<Msg>
		<src>Default2</src>
		<tr>默认参数2</tr>
	</Msg>
	<Msg>
		<src>Default1</src>
		<tr>默认参数1</tr>
	</Msg>
	<Msg>
		<src>Black Screen Mode</src>
		<tr>黑屏模式</tr>
	</Msg>
	<Msg>
		<src>Circuit Detection</src>
		<tr>开短路检测</tr>
	</Msg>
	<Msg>
		<src>Cross-Board Optimization 3</src>
		<tr>跨板优化3</tr>
	</Msg>
	<Msg>
		<src>Cross-Board Optimization 2</src>
		<tr>跨板优化2</tr>
	</Msg>
	<Msg>
		<src>Cross-Board Optimization 1</src>
		<tr>跨板优化1</tr>
	</Msg>
	<Msg>
		<src>Coupling Optimization Method</src>
		<tr>耦合优化方式</tr>
	</Msg>
	<Msg>
		<src>Color Shift Fix</src>
		<tr>短路偏色改善</tr>
	</Msg>
	<Msg>
		<src>Coupling Optimization Time</src>
		<tr>耦合优化时间</tr>
	</Msg>
	<Msg>
		<src>Current gain</src>
		<tr>电流增益</tr>
	</Msg>
	<Msg>
		<src>Enable</src>
		<tr>启用</tr>
	</Msg>
	<Msg>
		<src>Synchronize</src>
		<tr>同步</tr>
	</Msg>
	<Msg>
		<src>Enabled</src>
		<tr>启用</tr>
	</Msg>
	<Msg>
		<src>Close</src>
		<tr>关闭</tr>
	</Msg>
	<Msg>
		<src>Ghost level</src>
		<tr>消隐等级</tr>
	</Msg>
	<Msg>
		<src>Ghost time</src>
		<tr>消隐时间</tr>
	</Msg>
	<Msg>
		<src>Remove Dead Pixels</src>
		<tr>去除坏点</tr>
	</Msg>
	<Msg>
		<src>Low gravscale color cast</src>
		<tr>低灰偏色补偿</tr>
	</Msg>
	<Msg>
		<src>Current check up</src>
		<tr>电流校验</tr>
	</Msg>
	<Msg>
		<src>First scan dark</src>
		<tr>第一扫偏暗补偿</tr>
	</Msg>	
	<Msg>
		<src>Low grayscale uniformity</src>
		<tr>低灰均匀性</tr>
	</Msg>
	<Msg>
		<src>First scan dark time</src>
		<tr>第一扫偏暗补偿时间</tr>
	</Msg>
	<Msg>
		<src>Regular</src>
		<tr>常规模式</tr>
	</Msg>
	<Msg>
		<src>Coupling adjustment</src>
		<tr>耦合调节</tr>
	</Msg>
	<Msg>
		<src>Coupling1</src>
		<tr>耦合优化1</tr>
	</Msg>
	<Msg>
		<src>Coupling2</src>
		<tr>耦合优化2</tr>
	</Msg>
	<Msg>
		<src>Enable slowly</src>
		<tr>慢速开启</tr>
	</Msg>
	<Msg>
		<src>Knee voltage</src>
		<tr>拐点电压</tr>
	</Msg>
	<Msg>
		<src>Show mode</src>
		<tr>显示模式</tr>
	</Msg>
	<Msg>
		<src>Energy saving mode</src>
		<tr>节能模式</tr>
	</Msg>
	<Msg>
		<src>Gradient optimization</src>
		<tr>渐变优化</tr>
	</Msg>
	<Msg>
		<src>Frame Synchronization Mode</src>
		<tr>帧同步模式</tr>
	</Msg>
	<Msg>
		<src>Effect first</src>
		<tr>效果优先</tr>
	</Msg>
	<Msg>
		<src>Performance first</src>
		<tr>性能优先</tr>
	</Msg>
	<Msg>
		<src>Power-saving first</src>
		<tr>节能优先</tr>
	</Msg>
	<Msg>
		<src>Refresh group number</src>
		<tr>刷新分组数</tr>
	</Msg>
	<Msg>
		<src>Number of DCLK</src>
		<tr>每行DLCK个数</tr>
	</Msg>
	<Msg>
		<src>Fine-tuning</src>
		<tr>微调</tr>
	</Msg>
	<Msg>
		<src>Darker compensation of first scan</src>
		<tr>第一扫偏暗补偿</tr>
	</Msg>
	<Msg>
		<src>Enhance low-grayscale uniformity</src>
		<tr>低灰均匀性提升</tr>
	</Msg>
	<Msg>
		<src>The ghost to eliminate level</src>
		<tr>下鬼影消除等级</tr>
	</Msg>
	<Msg>
		<src>Eliminate text ghosting</src>
		<tr>消除文字鬼影</tr>
	</Msg>
	<Msg>
		<src>Low-grayscale and color cast compensation</src>
		<tr>低灰偏色补偿</tr>
	</Msg>
	<Msg>
		<src>Low-grayscale and color cast compensation </src>
		<tr>低灰偏色补偿</tr>
	</Msg>
	<Msg>
		<src>Cross-board coupling optimization</src>
		<tr>跨版耦合优化</tr>
	</Msg>
	<Msg>
		<src>Open circuit detection</src>
		<tr>对应开路检测</tr>
	</Msg>
	<Msg>
		<src>R</src>
		<tr>红</tr>
	</Msg>
	<Msg>
		<src>G</src>
		<tr>绿</tr>
	</Msg>
	<Msg>
		<src>B</src>
		<tr>蓝</tr>
	</Msg>
	<Msg>
		<src>OK</src>
		<tr>确认</tr>
	</Msg>
	<Msg>
		<src>Defaults</src>
		<tr>默认值</tr>
	</Msg>
	<Msg>
		<src>Close</src>
		<tr>关闭</tr>
	</Msg>
	<Msg>
		<src>Open</src>
		<tr>打开</tr>
	</Msg>
	<Msg>
		<src>Enhance</src>
		<tr>增强</tr>
	</Msg>
	<Msg>
		<src>Advanced</src>
		<tr>高级模式</tr>
	</Msg>
	<Msg>
		<src>Cancel</src>
		<tr>取消</tr>
	</Msg>
	<Msg>
		<src>Extended attributes</src>
		<tr>扩展属性</tr>
	</Msg>
	<Msg>
		<src>Current verification</src>
		<tr>电流验证</tr>
	</Msg>
	<Msg>
		<src>Warning:please adjust gclk multiplier.</src>
		<tr>警告:请纠正gclk倍率</tr>
	</Msg>
		<Msg>
		<src>Ghost 1 level</src>
		<tr>消隐1等级</tr>
	</Msg>
	<Msg>
		<src>Ghost 1 time</src>
		<tr>消隐1时间</tr>
	</Msg>
	<Msg>
		<src>Ghost 2 level</src>
		<tr>消隐2等级</tr>
	</Msg>
	<Msg>
		<src>Ghost 2 time</src>
		<tr>消隐2时间</tr>
	</Msg>
	<Msg>
		<src>First scan dark level</src>
		<tr>第一扫偏暗补偿等级</tr>
	</Msg>
	<Msg>
		<src>First scan dark time</src>
		<tr>第一扫偏暗补偿时间</tr>
	</Msg>
	<Msg>
		<src>Low grayscale compensation 1</src>
		<tr>低灰补偿1</tr>
	</Msg>
	<Msg>
		<src>Low grayscale compensation 2</src>
		<tr>低灰补偿2</tr>
	</Msg>
	<Msg>
		<src>Low grayscale stripes improve</src>
		<tr>低灰横条纹改善</tr>
	</Msg>
	<Msg>
		<src>Low grayscale uniformity</src>
		<tr>低灰均匀性</tr>
	</Msg>
	<Msg>
		<src>Coupling enhance model</src>
		<tr>耦合增强模式</tr>
	</Msg>	
	<Msg>
		<src>Coupling Level</src>
		<tr>耦合等级</tr>
	</Msg>	
	<Msg>
		<src>Coupling1</src>
		<tr>耦合优化1</tr>
	</Msg>	
	<Msg>
		<src>Coupling2</src>
		<tr>耦合优化2</tr>
	</Msg>	
	<Msg>
		<src>Coupling3</src>
		<tr>耦合优化3</tr>
	</Msg>	
	<Msg>
		<src>Coupling4</src>
		<tr>耦合优化4</tr>
	</Msg>
	<Msg>
		<src>Eliminate the Cross Level</src>
		<tr>消开路十字架等级</tr>
	</Msg>	
	<Msg>
		<src>Current Detection Level</src>
		<tr>电流增益检测等级</tr>
	</Msg>	
	<Msg>
		<src>Photo Optimization</src>
		<tr>拍照优化</tr>
	</Msg>	
	<Msg>
		<src>Smart Energy Saving</src>
		<tr>智慧节能</tr>
	</Msg>	
	<Msg>
		<src> StandBy Mode</src>
		<tr> 待机模式</tr>
	</Msg>	
	<Msg>
		<src>Remove Dead Pixels</src>
		<tr> 启用去除坏点</tr>
	</Msg>
	<Msg>
		<src>Dialog</src>
		<tr>扩展属性</tr>
	</Msg>
</ChipTranslate>
