<?xml version="1.0" encoding="UTF-8"?>
<ChipTranslate>
	<Msg>
		<src>Color loss compensation:</src>
		<tr>缺色补偿:</tr>
	</Msg>
	<Msg>
		<src>Blanking:</src>
		<tr>消隐:</tr>
	</Msg>
	<Msg>
		<src>Constant Current Inflection Point:</src>
		<tr>恒流拐点:</tr>
	</Msg>
	<Msg>
		<src>Strongest</src>
		<tr>最强</tr>
	</Msg>
	<Msg>
		<src>Strong</src>
		<tr>强</tr>
	</Msg>
	<Msg>
		<src>Above Average</src>
		<tr>较强</tr>
	</Msg>
	<Msg>
		<src>Standard</src>
		<tr>标准</tr>
	</Msg>
	<Msg>
		<src>Below Average</src>
		<tr>较弱</tr>
	</Msg>
	<Msg>
		<src>Weak</src>
		<tr>弱</tr>
	</Msg>
	<Msg>
		<src>Weakest</src>
		<tr>最弱</tr>
	</Msg>
	<Msg>
		<src>Disabled</src>
		<tr>不启用</tr>
	</Msg>
	<Msg>
		<src>Strong Blanking</src>
		<tr>强消隐</tr>
	</Msg>
	<Msg>
		<src>Moderate Strong Blanking</src>
		<tr>中强消隐</tr>
	</Msg>
	<Msg>
		<src>Moderate Blanking</src>
		<tr>中消隐</tr>
	</Msg>
	<Msg>
		<src>Weak Blanking</src>
		<tr>弱消隐</tr>
	</Msg>
	<Msg>
		<src>Ghost Start Time</src>
		<tr>消隐起始时间</tr>
	</Msg>
	<Msg>
		<src>Regular</src>
		<tr>常规模式</tr>
	</Msg>
	<Msg>
		<src>Advanced</src>
		<tr>高级模式</tr>
	</Msg>
	<Msg>
		<src>Current gain</src>
		<tr>电流增益</tr>
	</Msg>
	<Msg>
		<src>Synchronize</src>
		<tr>同步</tr>
	</Msg>
	<Msg>
		<src>Enable</src>
		<tr>启用</tr>
	</Msg>
	<Msg>
		<src>Remove Dead Pixels</src>
		<tr>去除坏点</tr>
	</Msg>
	<Msg>
		<src>Current verification</src>
		<tr>电流校验</tr>
	</Msg>
	<Msg>
		<src>Ghost level</src>
		<tr>消隐等级</tr>
	</Msg>
	<Msg>
		<src>Ghost time</src>
		<tr>消隐时间</tr>
	</Msg>
	<Msg>
		<src>Low grayscale uniformity</src>
		<tr>低灰均匀性</tr>
	</Msg>
	<Msg>
		<src>LowGray Optimization</src>
		<tr>低灰优化</tr>
	</Msg>
	<Msg>
		<src>First scan dark level</src>
		<tr>第一扫偏暗补偿</tr>
	</Msg>	
	<Msg>
		<src>First scan dark time</src>
		<tr>第一扫偏暗补偿时间</tr>
	</Msg>
	<Msg>
		<src>Low gravscale color cast</src>
		<tr>低灰偏色补偿</tr>
	</Msg>
	<Msg>
		<src>Coupling1</src>
		<tr>耦合优化1</tr>
	</Msg>
	<Msg>
		<src>Coupling2</src>
		<tr>耦合优化2</tr>
	</Msg>
	<Msg>
		<src>Knee voltage</src>
		<tr>拐点电压</tr>
	</Msg>
	<Msg>
		<src>Enable slowly</src>
		<tr>慢速开启</tr>
	</Msg>
	<Msg>
		<src>Show mode</src>
		<tr>显示模式</tr>
	</Msg>
	<Msg>
		<src>Gradient optimization</src>
		<tr>渐变优化</tr>
	</Msg>
	<Msg>
		<src>Energy saving mode</src>
		<tr>黑屏节能</tr>
	</Msg>
	<Msg>
		<src>Effect first</src>
		<tr>效果优先</tr>
	</Msg>
	<Msg>
		<src>Power-saving first</src>
		<tr>节能优先</tr>
	</Msg>
	<Msg>
		<src>R</src>
		<tr>红</tr>
	</Msg>
	<Msg>
		<src>G</src>
		<tr>绿</tr>
	</Msg>
	<Msg>
		<src>B</src>
		<tr>蓝</tr>
	</Msg>
	<Msg>
		<src>OK</src>
		<tr>确认</tr>
	</Msg>
	<Msg>
		<src>Defaults</src>
		<tr>默认值</tr>
	</Msg>
	<Msg>
		<src>Cancel</src>
		<tr>取消</tr>
	</Msg>
	<Msg>
		<src>Extended attributes</src>
		<tr>扩展属性</tr>
	</Msg>
	<Msg>
		<src>Dialog</src>
		<tr>扩展属性</tr>
	</Msg>
	<Msg>
		<src>Register group</src>
		<tr>寄存器组</tr>
	</Msg>	
	<Msg>
		<src>Register group 1</src>
		<tr>寄存器组1</tr>
	</Msg>
	<Msg>
		<src>Register group 2</src>
		<tr>寄存器组2</tr>
	</Msg>
	<Msg>
		<src>Register group 3</src>
		<tr>寄存器组3</tr>
	</Msg>
	<Msg>
		<src>Register group 4</src>
		<tr>寄存器组4</tr>
	</Msg>
	<Msg>
		<src>High byte(Hex)</src>
		<tr>高位(十六进制)</tr>
	</Msg>
	<Msg>
		<src>Low byte(hex)</src>
		<tr>低位(十六进制)</tr>
	</Msg>
	<Msg>
		<src>Red chip</src>
		<tr>红色芯片</tr>
	</Msg>
	<Msg>
		<src>Green chip</src>
		<tr>绿色芯片</tr>
	</Msg>
	<Msg>
		<src>Blue chip</src>
		<tr>蓝色芯片</tr>
	</Msg>
</ChipTranslate>
