<?xml version="1.0" encoding="UTF-8"?>
<ChipTranslate>
	<Msg>
		<src>Color loss compensation:</src>
		<tr>缺色補償:</tr>
	</Msg>
	<Msg>
		<src>Blanking:</src>
		<tr>消隱:</tr>
	</Msg>
	<Msg>
		<src>Constant Current Inflection Point:</src>
		<tr>恆流拐點:</tr>
	</Msg>
	<Msg>
		<src>Strongest</src>
		<tr>最強</tr>
	</Msg>
	<Msg>
		<src>Strong</src>
		<tr>強</tr>
	</Msg>
	<Msg>
		<src>Above Average</src>
		<tr>較強</tr>
	</Msg>
	<Msg>
		<src>Standard</src>
		<tr>標準</tr>
	</Msg>
	<Msg>
		<src>Below Average</src>
		<tr>較弱</tr>
	</Msg>
	<Msg>
		<src>Weak</src>
		<tr>弱</tr>
	</Msg>
	<Msg>
		<src>Weakest</src>
		<tr>最弱</tr>
	</Msg>
	<Msg>
		<src>Disabled</src>
		<tr>不啟用</tr>
	</Msg>
	<Msg>
		<src>Strong Blanking</src>
		<tr>強消隱</tr>
	</Msg>
	<Msg>
		<src>Moderate Strong Blanking</src>
		<tr>中強消隱</tr>
	</Msg>
	<Msg>
		<src>Moderate Blanking</src>
		<tr>中消隱</tr>
	</Msg>
	<Msg>
		<src>Weak Blanking</src>
		<tr>弱消隱</tr>
	</Msg>
	<Msg>
		<src>Ghost Start Time</src>
		<tr>消隱起始時間</tr>
	</Msg>
	<Msg>
		<src>Regular</src>
		<tr>常規模式</tr>
	</Msg>
	<Msg>
		<src>Advanced</src>
		<tr>高級模式</tr>
	</Msg>
	<Msg>
		<src>Current gain</src>
		<tr>電流增益</tr>
	</Msg>
	<Msg>
		<src>Synchronize</src>
		<tr>同步</tr>
	</Msg>
	<Msg>
		<src>Enable</src>
		<tr>啟用</tr>
	</Msg>
	<Msg>
		<src>Remove Dead Pixels</src>
		<tr>去除壞點</tr>
	</Msg>
	<Msg>
		<src>Current verification</src>
		<tr>電流校驗</tr>
	</Msg>
	<Msg>
		<src>Ghost level</src>
		<tr>消隱等級</tr>
	</Msg>
	<Msg>
		<src>Ghost time</src>
		<tr>消隱時間</tr>
	</Msg>
	<Msg>
		<src>Low grayscale uniformity</src>
		<tr>低灰均勻性</tr>
	</Msg>
	<Msg>
		<src>LowGray Optimization</src>
		<tr>低灰優化</tr>
	</Msg>
	<Msg>
		<src>First scan dark level</src>
		<tr>第一掃偏暗補償等級</tr>
	</Msg>	
	<Msg>
		<src>First scan dark time</src>
		<tr>第一掃偏暗補償時間</tr>
	</Msg>
	<Msg>
		<src>Low gravscale color cast</src>
		<tr>低灰偏色補償</tr>
	</Msg>
	<Msg>
		<src>Coupling1</src>
		<tr>耦合優化1</tr>
	</Msg>
	<Msg>
		<src>Coupling2</src>
		<tr>耦合優化2</tr>
	</Msg>
	<Msg>
		<src>Knee voltage</src>
		<tr>拐點電壓</tr>
	</Msg>
	<Msg>
		<src>Enable slowly</src>
		<tr>慢速開啟</tr>
	</Msg>
	<Msg>
		<src>Gradient optimization</src>
		<tr>漸變優化</tr>
	</Msg>
	<Msg>
		<src>Energy saving mode</src>
		<tr>黑屏節能</tr>
	</Msg>
	<Msg>
		<src>Effect first</src>
		<tr>效果優先</tr>
	</Msg>
	<Msg>
		<src>Power-saving first</src>
		<tr>節能優先</tr>
	</Msg>
	<Msg>
		<src>R</src>
		<tr>紅</tr>
	</Msg>
	<Msg>
		<src>G</src>
		<tr>綠</tr>
	</Msg>
	<Msg>
		<src>B</src>
		<tr>藍</tr>
	</Msg>
	<Msg>
		<src>OK</src>
		<tr>確認</tr>
	</Msg>
	<Msg>
		<src>Defaults</src>
		<tr>默認值</tr>
	</Msg>
	<Msg>
		<src>Cancel</src>
		<tr>取消</tr>
	</Msg>
	<Msg>
		<src>Extended attributes</src>
		<tr>拓展屬性</tr>
	</Msg>
	<Msg>
		<src>Dialog</src>
		<tr>拓展屬性</tr>
	</Msg>
	<Msg>
		<src>Register group</src>
		<tr>寄存器組</tr>
	</Msg>
	<Msg>
		<src>Register group 1</src>
		<tr>寄存器组1</tr>
	</Msg>
	<Msg>
		<src>Register group 2</src>
		<tr>寄存器组2</tr>
	</Msg>
	<Msg>
		<src>Register group 3</src>
		<tr>寄存器组3</tr>
	</Msg>
	<Msg>
		<src>Register group 4</src>
		<tr>寄存器组4</tr>
	</Msg>
	<Msg>
		<src>High byte(Hex)</src>
		<tr>高位(十六進制)</tr>
	</Msg>
	<Msg>
		<src>Low byte(hex)</src>
		<tr>低位(十六進制)</tr>
	</Msg>
	<Msg>
		<src>Red chip</src>
		<tr>紅色芯片</tr>
	</Msg>
	<Msg>
		<src>Green chip</src>
		<tr>綠色芯片</tr>
	</Msg>
	<Msg>
		<src>Blue chip</src>
		<tr>藍色芯片</tr>
	</Msg>
</ChipTranslate>
