<?xml version='1.0' encoding='UTF-8'?>
<ChipTranslate>
    <Msg>
        <src>Color loss compensation:</src>
        <tr>Színveszteség kompenzáció:</tr>
    </Msg>
    <Msg>
        <src>Blanking:</src>
        <tr>Blanking: (Üres:)</tr>
    </Msg>
    <Msg>
        <src>Constant Current Inflection Point:</src>
        <tr>Állandó áram töréspont:</tr>
    </Msg>
    <Msg>
        <src>Strongest</src>
        <tr>Legerősebb</tr>
    </Msg>
    <Msg>
        <src>Strong</src>
        <tr>Erős</tr>
    </Msg>
    <Msg>
        <src>Above Average</src>
        <tr>Átlag felett</tr>
    </Msg>
    <Msg>
        <src>Standard</src>
        <tr>Normál</tr>
    </Msg>
    <Msg>
        <src>Below Average</src>
        <tr>Átlag alatt</tr>
    </Msg>
    <Msg>
        <src>Weak</src>
        <tr>Gyenge</tr>
    </Msg>
    <Msg>
        <src>Weakest</src>
        <tr>Leggyengébb</tr>
    </Msg>
    <Msg>
        <src>Disabled</src>
        <tr>Letiltva</tr>
    </Msg>
    <Msg>
        <src>Strong Blanking</src>
        <tr>Erős üres</tr>
    </Msg>
    <Msg>
        <src>Moderate Strong Blanking</src>
        <tr>Mérsékelt erős üres</tr>
    </Msg>
    <Msg>
        <src>Moderate Blanking</src>
        <tr>Mérsékelt üres</tr>
    </Msg>
    <Msg>
        <src>Weak Blanking</src>
        <tr>Gyenge üres</tr>
    </Msg>
    <Msg>
        <src>Ghost Start Time</src>
        <tr>Szellem kezdési idő</tr>
    </Msg>
    <Msg>
        <src>Regular</src>
        <tr>Rendszeres</tr>
    </Msg>
    <Msg>
        <src>Advanced</src>
        <tr>Haladó</tr>
    </Msg>
    <Msg>
        <src>Current gain</src>
        <tr>Jelenlegi nyereség</tr>
    </Msg>
    <Msg>
        <src>Synchronize</src>
        <tr>Szinkronizálás</tr>
    </Msg>
    <Msg>
        <src>Enable</src>
        <tr>Engedélyezés</tr>
    </Msg>
    <Msg>
        <src>Remove Dead Pixels</src>
        <tr>Halott pixelek eltávolítása</tr>
    </Msg>
    <Msg>
        <src>Current verification</src>
        <tr>Jelenlegi ellenőrzés</tr>
    </Msg>
    <Msg>
        <src>Ghost level</src>
        <tr>Szellem szintje</tr>
    </Msg>
    <Msg>
        <src>Ghost time</src>
        <tr>Szellem idő</tr>
    </Msg>
    <Msg>
        <src>Low grayscale uniformity</src>
        <tr>Alacsony szürkeárnyalatos egyenletesség</tr>
    </Msg>
    <Msg>
        <src>LowGray Optimization</src>
        <tr>Alacsony szürke optimalizálás</tr>
    </Msg>
    <Msg>
        <src>First scan dark level</src>
        <tr>Első szkennelés sötét szint</tr>
    </Msg>
    <Msg>
        <src>First scan dark time</src>
        <tr>Első szkennelés sötét idő</tr>
    </Msg>
    <Msg>
        <src>Low gravscale color cast</src>
        <tr>Alacsony szürke skála színárnyalat</tr>
    </Msg>
    <Msg>
        <src>Coupling1</src>
        <tr>Kapcsolat1</tr>
    </Msg>
    <Msg>
        <src>Coupling2</src>
        <tr>Kapcsolat2</tr>
    </Msg>
    <Msg>
        <src>Knee voltage</src>
        <tr>Térd feszültség</tr>
    </Msg>
    <Msg>
        <src>Enable slowly</src>
        <tr>Lassan engedélyezés</tr>
    </Msg>
    <Msg>
        <src>Show mode</src>
        <tr>Megjelenítési mód</tr>
    </Msg>
    <Msg>
        <src>Gradient optimization</src>
        <tr>Gradiens optimalizálás</tr>
    </Msg>
    <Msg>
        <src>Energy saving mode</src>
        <tr>Energiatakarékos mód</tr>
    </Msg>
    <Msg>
        <src>Effect first</src>
        <tr>Első hatás</tr>
    </Msg>
    <Msg>
        <src>Power-saving first</src>
        <tr>Energiatakarékos először</tr>
    </Msg>
    <Msg>
        <src>R</src>
        <tr>R</tr>
    </Msg>
    <Msg>
        <src>G</src>
        <tr>G</tr>
    </Msg>
    <Msg>
        <src>B</src>
        <tr>B</tr>
    </Msg>
    <Msg>
        <src>OK</src>
        <tr>OK</tr>
    </Msg>
    <Msg>
        <src>Defaults</src>
        <tr>Alapértelmezések</tr>
    </Msg>
    <Msg>
        <src>Cancel</src>
        <tr>Mégse</tr>
    </Msg>
    <Msg>
        <src>Extended attributes</src>
        <tr>Kiterjesztett attribútumok</tr>
    </Msg>
    <Msg>
        <src>Dialog</src>
        <tr>Párbeszédablak</tr>
    </Msg>
    <Msg>
        <src>Register group</src>
        <tr>Regiszter csoport</tr>
    </Msg>
    <Msg>
        <src>Register group 1</src>
        <tr>Regiszter csoport 1</tr>
    </Msg>
    <Msg>
        <src>Register group 2</src>
        <tr>Regiszter csoport 2</tr>
    </Msg>
    <Msg>
        <src>Register group 3</src>
        <tr>Regiszter csoport 3</tr>
    </Msg>
    <Msg>
        <src>Register group 4</src>
        <tr>Regiszter csoport 4</tr>
    </Msg>
    <Msg>
        <src>High byte(Hex)</src>
        <tr>Magas bájt (Hex)</tr>
    </Msg>
    <Msg>
        <src>Low byte(hex)</src>
        <tr>Alacsony bájt (hex)</tr>
    </Msg>
    <Msg>
        <src>Red chip</src>
        <tr>Piros chip</tr>
    </Msg>
    <Msg>
        <src>Green chip</src>
        <tr>Zöld chip</tr>
    </Msg>
    <Msg>
        <src>Blue chip</src>
        <tr>Kék chip</tr>
    </Msg>
</ChipTranslate>
