<?xml version="1.0" encoding="UTF-8"?>
<ChipTranslate>
	<Msg>
		<src>Color loss compensation:</src>
		<tr>Color loss compensation:</tr>
	</Msg>
	<Msg>
		<src>Blanking:</src>
		<tr>Blanking:</tr>
	</Msg>
	<Msg>
		<src>Constant Current Inflection Point:</src>
		<tr>Constant Current Inflection Point:</tr>
	</Msg>
	<Msg>
		<src>Strongest</src>
		<tr>Strongest</tr>
	</Msg>
	<Msg>
		<src>Strong</src>
		<tr>Strong</tr>
	</Msg>
	<Msg>
		<src>Above Average</src>
		<tr>Above Average</tr>
	</Msg>
	<Msg>
		<src>Standard</src>
		<tr>Standard</tr>
	</Msg>
	<Msg>
		<src>Below Average</src>
		<tr>Below Average</tr>
	</Msg>
	<Msg>
		<src>Weak</src>
		<tr>Weak</tr>
	</Msg>
	<Msg>
		<src>Weakest</src>
		<tr>Weakest</tr>
	</Msg>
	<Msg>
		<src>Disabled</src>
		<tr>Disabled</tr>
	</Msg>
	<Msg>
		<src>Strong Blanking</src>
		<tr>Strong Blanking</tr>
	</Msg>
	<Msg>
		<src>Moderate Strong Blanking</src>
		<tr>Moderate Strong Blanking</tr>
	</Msg>
	<Msg>
		<src>Moderate Blanking</src>
		<tr>Moderate Blanking</tr>
	</Msg>
	<Msg>
		<src>Weak Blanking</src>
		<tr>Weak Blanking</tr>
	</Msg>
	<Msg>
		<src>Ghost Start Time</src>
		<tr>Ghost Start Time</tr>
	</Msg>
	<Msg>
		<src>Regular</src>
		<tr>Regular</tr>
	</Msg>
	<Msg>
		<src>Advanced</src>
		<tr>Advanced</tr>
	</Msg>
	<Msg>
		<src>Current gain</src>
		<tr>Current gain</tr>
	</Msg>
	<Msg>
		<src>Synchronize</src>
		<tr>Synchronize</tr>
	</Msg>
	<Msg>
		<src>Enable</src>
		<tr>Enable</tr>
	</Msg>
	<Msg>
		<src>Remove Dead Pixels</src>
		<tr>Remove Dead Pixels</tr>
	</Msg>
	<Msg>
		<src>Current verification</src>
		<tr>Current verification</tr>
	</Msg>
	<Msg>
		<src>Ghost level</src>
		<tr>Ghost level</tr>
	</Msg>
	<Msg>
		<src>Ghost time</src>
		<tr>Ghost time</tr>
	</Msg>
	<Msg>
		<src>Low grayscale uniformity</src>
		<tr>Low grayscale uniformity</tr>
	</Msg>
	<Msg>
		<src>LowGray Optimization</src>
		<tr>LowGray Optimization</tr>
	</Msg>
	<Msg>
		<src>First scan dark level</src>
		<tr>First scan dark level</tr>
	</Msg>	
	<Msg>
		<src>First scan dark time</src>
		<tr>First scan dark time</tr>
	</Msg>
	<Msg>
		<src>Low gravscale color cast</src>
		<tr>Low gravscale color cast</tr>
	</Msg>
	<Msg>
		<src>Coupling1</src>
		<tr>Coupling1</tr>
	</Msg>
	<Msg>
		<src>Coupling2</src>
		<tr>Coupling2</tr>
	</Msg>
	<Msg>
		<src>Knee voltage</src>
		<tr>Knee voltage</tr>
	</Msg>
	<Msg>
		<src>Enable slowly</src>
		<tr>Enable slowly</tr>
	</Msg>
	<Msg>
		<src>Show mode</src>
		<tr>Show mode</tr>
	</Msg>
	<Msg>
		<src>Gradient optimization</src>
		<tr>Gradient optimization</tr>
	</Msg>
	<Msg>
		<src>Energy saving mode</src>
		<tr>Energy saving mode</tr>
	</Msg>
	<Msg>
		<src>Effect first</src>
		<tr>Effect first</tr>
	</Msg>
	<Msg>
		<src>Power-saving first</src>
		<tr>Power-saving first</tr>
	</Msg>
	<Msg>
		<src>R</src>
		<tr>R</tr>
	</Msg>
	<Msg>
		<src>G</src>
		<tr>G</tr>
	</Msg>
	<Msg>
		<src>B</src>
		<tr>B</tr>
	</Msg>
	<Msg>
		<src>OK</src>
		<tr>OK</tr>
	</Msg>
	<Msg>
		<src>Defaults</src>
		<tr>Defaults</tr>
	</Msg>
	<Msg>
		<src>Cancel</src>
		<tr>Cancel</tr>
	</Msg>
	<Msg>
		<src>Extended attributes</src>
		<tr>Extended attributes</tr>
	</Msg>
	<Msg>
		<src>Dialog</src>
		<tr>Dialog</tr>
	</Msg>
	<Msg>
		<src>Register group</src>
		<tr>Register group</tr>
	</Msg>
	<Msg>
		<src>Register group 1</src>
		<tr>Register group 1</tr>
	</Msg>
	<Msg>
		<src>Register group 2</src>
		<tr>Register group 2</tr>
	</Msg>
	<Msg>
		<src>Register group 3</src>
		<tr>Register group 3</tr>
	</Msg>
	<Msg>
		<src>Register group 4</src>
		<tr>Register group 4</tr>
	</Msg>
	<Msg>
		<src>High byte(Hex)</src>
		<tr>High byte(Hex)</tr>
	</Msg>
	<Msg>
		<src>Low byte(hex)</src>
		<tr>Low byte(hex)</tr>
	</Msg>
	<Msg>
		<src>Red chip</src>
		<tr>Red chip</tr>
	</Msg>
	<Msg>
		<src>Green chip</src>
		<tr>Green chip</tr>
	</Msg>
	<Msg>
		<src>Blue chip</src>
		<tr>Blue chip</tr>
	</Msg>
</ChipTranslate>
